chr1	po1	gene1	chr2	po2	gene2
chr11	289817	EOG090B02MX	aRhiBiv1_chr17	51873640	aRhiBiv1_EOG090B02MX
chr11	568722	EOG090B00QA	aRhiBiv1_chr17	49490801	aRhiBiv1_EOG090B00QA
chr11	770989	EOG090B0D80	aRhiBiv1_chr17	47220270	aRhiBiv1_EOG090B0D80
chr11	1277039	EOG090B0DBB	aRhiBiv1_chr17	39390489	aRhiBiv1_EOG090B0DBB
chr11	10514916	EOG090B0C80	aRhiBiv1_chr17	20718438	aRhiBiv1_EOG090B0C80
chr11	10576332	EOG090B0328	aRhiBiv1_chr17	20624911	aRhiBiv1_EOG090B0328
chr11	10751413	EOG090B01NR	aRhiBiv1_chr17	20505190	aRhiBiv1_EOG090B01NR
chr11	14457824	EOG090B01K3	aRhiBiv1_chr17	23557247	aRhiBiv1_EOG090B01K3
chr11	18080399	EOG090B0IDD	aRhiBiv1_chr17	28151487	aRhiBiv1_EOG090B0IDD
chr11	18279882	EOG090B0126	aRhiBiv1_chr17	28267995	aRhiBiv1_EOG090B0126
chr11	18329081	EOG090B04Z5	aRhiBiv1_chr17	28301956	aRhiBiv1_EOG090B04Z5
chr11	18609861	EOG090B0AJ4	aRhiBiv1_chr17	28470470	aRhiBiv1_EOG090B0AJ4
chr11	20363812	EOG090B0C5X	aRhiBiv1_chr17	10784327	aRhiBiv1_EOG090B0C5X
chr11	20388040	EOG090B05NP	aRhiBiv1_chr17	10820054	aRhiBiv1_EOG090B05NP
chr11	27364159	EOG090B01PI	aRhiBiv1_chr17	13190680	aRhiBiv1_EOG090B01PI
chr11	28274425	EOG090B09G3	aRhiBiv1_chr17	13802441	aRhiBiv1_EOG090B09G3
chr11	31584590	EOG090B07JS	aRhiBiv1_chr17	15188780	aRhiBiv1_EOG090B07JS
chr11	33859356	EOG090B0EA1	aRhiBiv1_chr17	8208588	aRhiBiv1_EOG090B0EA1
chr11	34930071	EOG090B06DM	aRhiBiv1_chr17	7348276	aRhiBiv1_EOG090B06DM
chr11	36489838	EOG090B04ZH	aRhiBiv1_chr17	6644434	aRhiBiv1_EOG090B04ZH
chr11	36560475	EOG090B015R	aRhiBiv1_chr17	6604108	aRhiBiv1_EOG090B015R
chr11	36579420	EOG090B053T	aRhiBiv1_chr17	6589556	aRhiBiv1_EOG090B053T
chr11	43312128	EOG090B051I	aRhiBiv1_chr17	3697938	aRhiBiv1_EOG090B051I
chr11	43359923	EOG090B00GK	aRhiBiv1_chr17	3589128	aRhiBiv1_EOG090B00GK
chr11	43882653	EOG090B0ALW	aRhiBiv1_chr17	3309768	aRhiBiv1_EOG090B0ALW
chr11	46644292	EOG090B05JW	aRhiBiv1_chr17	552120	aRhiBiv1_EOG090B05JW
chr11	47330865	EOG090B00YR	aRhiBiv1_chr4	218231620	aRhiBiv1_EOG090B00YR
chr11	47355227	EOG090B0BOF	aRhiBiv1_chr17	17574175	aRhiBiv1_EOG090B0BOF
chr11	47410125	EOG090B07EJ	aRhiBiv1_chr17	17634184	aRhiBiv1_EOG090B07EJ
chr11	47437975	EOG090B079L	aRhiBiv1_chr17	17847297	aRhiBiv1_EOG090B079L
chr11	47572930	EOG090B0417	aRhiBiv1_chr17	17953343	aRhiBiv1_EOG090B0417
chr11	63614001	EOG090B0EUF	aRhiBiv1_chr17	15123833	aRhiBiv1_EOG090B0EUF
chr11	71435375	EOG090B05DD	aRhiBiv1_chr17	10110194	aRhiBiv1_EOG090B05DD
chr11	71453297	EOG090B02OO	aRhiBiv1_chr17	10078771	aRhiBiv1_EOG090B02OO
chr11	74267248	EOG090B06MX	aRhiBiv1_chr5	19718898	aRhiBiv1_EOG090B06MX
chr11	76795617	EOG090B08EH	aRhiBiv1_chr5	28052970	aRhiBiv1_EOG090B08EH
chr11	82824906	EOG090B06FK	aRhiBiv1_chr5	36688193	aRhiBiv1_EOG090B06FK
chr11	82914739	EOG090B0382	aRhiBiv1_chr5	36766735	aRhiBiv1_EOG090B0382
chr11	93747394	EOG090B0905	aRhiBiv1_chr8	188397365	aRhiBiv1_EOG090B0905
chr11	93784514	EOG090B0387	aRhiBiv1_chr5	51528518	aRhiBiv1_EOG090B0387
chr11	93820569	EOG090B0EQQ	aRhiBiv1_chr5	51654807	aRhiBiv1_EOG090B0EQQ
chr11	94439717	EOG090B030Q	aRhiBiv1_chr5	52815846	aRhiBiv1_EOG090B030Q
chr11	106009535	EOG090B0B4E	aRhiBiv1_chr5	70561109	aRhiBiv1_EOG090B0B4E
chr11	107504658	EOG090B031P	aRhiBiv1_chr5	73080179	aRhiBiv1_EOG090B031P
chr11	112075575	EOG090B0FQM	aRhiBiv1_chr12	29606553	aRhiBiv1_EOG090B0FQM
chr11	116748482	EOG090B06XY	aRhiBiv1_chr12	23768853	aRhiBiv1_EOG090B06XY
chr11	116778925	EOG090B06VT	aRhiBiv1_chr12	23744342	aRhiBiv1_EOG090B06VT
chr11	118365081	EOG090B0163	aRhiBiv1_chr12	22419652	aRhiBiv1_EOG090B0163
chr11	118544916	EOG090B09O9	aRhiBiv1_chr12	22205213	aRhiBiv1_EOG090B09O9
chr11	118998198	EOG090B09MT	aRhiBiv1_chr12	21662626	aRhiBiv1_EOG090B09MT
chr11	119069198	EOG090B01FZ	aRhiBiv1_chr12	21524739	aRhiBiv1_EOG090B01FZ
chr11	119085034	EOG090B0AGU	aRhiBiv1_chr12	21485947	aRhiBiv1_EOG090B0AGU
chr11	119096998	EOG090B07TV	aRhiBiv1_chr12	21464764	aRhiBiv1_EOG090B07TV
chr11	119116820	EOG090B05JI	aRhiBiv1_chr12	19766396	aRhiBiv1_EOG090B05JI
chr11	119170303	EOG090B021C	aRhiBiv1_chr12	19864616	aRhiBiv1_EOG090B021C
chr11	120211280	EOG090B0BV7	aRhiBiv1_chr12	20736217	aRhiBiv1_EOG090B0BV7
chr11	123634143	EOG090B0FFQ	aRhiBiv1_chr12	32809741	aRhiBiv1_EOG090B0FFQ
chr11	124611557	EOG090B07BO	aRhiBiv1_chr12	32294585	aRhiBiv1_EOG090B07BO
chr11	125588020	EOG090B02LJ	aRhiBiv1_chr12	45465715	aRhiBiv1_EOG090B02LJ
chr11	126203418	EOG090B0887	aRhiBiv1_chr6	254051478	aRhiBiv1_EOG090B0887
chr11	129864725	EOG090B01C3	aRhiBiv1_chr12	39719754	aRhiBiv1_EOG090B01C3
chr11	129902313	EOG090B017H	aRhiBiv1_chr12	39556920	aRhiBiv1_EOG090B017H
chr11	289817	EOG090B02MX	bCalAnn1_chr5	238422	bCalAnn1_EOG090B02MX
chr11	568722	EOG090B00QA	bCalAnn1_chr5	16358278	bCalAnn1_EOG090B00QA
chr11	770989	EOG090B0D80	bCalAnn1_chr5	902634	bCalAnn1_EOG090B0D80
chr11	1277039	EOG090B0DBB	bCalAnn1_chr5	14305787	bCalAnn1_EOG090B0DBB
chr11	10514916	EOG090B0C80	bCalAnn1_chr5	8802719	bCalAnn1_EOG090B0C80
chr11	10576332	EOG090B0328	bCalAnn1_chr5	8760481	bCalAnn1_EOG090B0328
chr11	10751413	EOG090B01NR	bCalAnn1_chr5	8705339	bCalAnn1_EOG090B01NR
chr11	14457824	EOG090B01K3	bCalAnn1_chr5	10204008	bCalAnn1_EOG090B01K3
chr11	18080399	EOG090B0IDD	bCalAnn1_chr5	11991146	bCalAnn1_EOG090B0IDD
chr11	18279882	EOG090B0126	bCalAnn1_chr5	12003841	bCalAnn1_EOG090B0126
chr11	18329081	EOG090B04Z5	bCalAnn1_chr5	12027323	bCalAnn1_EOG090B04Z5
chr11	18609861	EOG090B0AJ4	bCalAnn1_chr5	12107645	bCalAnn1_EOG090B0AJ4
chr11	20363812	EOG090B0C5X	bCalAnn1_chr8	2750977	bCalAnn1_EOG090B0C5X
chr11	20388040	EOG090B05NP	bCalAnn1_chr5	3833526	bCalAnn1_EOG090B05NP
chr11	27364159	EOG090B01PI	bCalAnn1_chr5	5116111	bCalAnn1_EOG090B01PI
chr11	28274425	EOG090B09G3	bCalAnn1_chr5	5423577	bCalAnn1_EOG090B09G3
chr11	31584590	EOG090B07JS	bCalAnn1_chr5	6223713	bCalAnn1_EOG090B07JS
chr11	33859356	EOG090B0EA1	bCalAnn1_chr5	2152572	bCalAnn1_EOG090B0EA1
chr11	34930071	EOG090B06DM	bCalAnn1_chr5A	9059440	bCalAnn1_EOG090B06DM
chr11	36489838	EOG090B04ZH	bCalAnn1_chr5A	8762895	bCalAnn1_EOG090B04ZH
chr11	36560475	EOG090B015R	bCalAnn1_chr5A	8748309	bCalAnn1_EOG090B015R
chr11	36579420	EOG090B053T	bCalAnn1_chr5A	8739815	bCalAnn1_EOG090B053T
chr11	43312128	EOG090B051I	bCalAnn1_chr5A	7686837	bCalAnn1_EOG090B051I
chr11	43359923	EOG090B00GK	bCalAnn1_chr5A	7641141	bCalAnn1_EOG090B00GK
chr11	43882653	EOG090B0ALW	bCalAnn1_chr5A	7419668	bCalAnn1_EOG090B0ALW
chr11	46644292	EOG090B05JW	bCalAnn1_chr5A	3747407	bCalAnn1_EOG090B05JW
chr11	47330865	EOG090B00YR	bCalAnn1_chr1	57171898	bCalAnn1_EOG090B00YR
chr11	47355227	EOG090B0BOF	bCalAnn1_chr5A	6558417	bCalAnn1_EOG090B0BOF
chr11	47410125	EOG090B07EJ	bCalAnn1_chr5A	6510371	bCalAnn1_EOG090B07EJ
chr11	47437975	EOG090B079L	bCalAnn1_chr5A	6478256	bCalAnn1_EOG090B079L
chr11	47572930	EOG090B0417	bCalAnn1_chr5A	6410186	bCalAnn1_EOG090B0417
chr11	63614001	EOG090B0EUF	bCalAnn1_chr5	6197632	bCalAnn1_EOG090B0EUF
chr11	71435375	EOG090B05DD	bCalAnn1_chr5	3324395	bCalAnn1_EOG090B05DD
chr11	71453297	EOG090B02OO	bCalAnn1_chr5	3307274	bCalAnn1_EOG090B02OO
chr11	74267248	EOG090B06MX	bCalAnn1_chr13	16297115	bCalAnn1_EOG090B06MX
chr11	76795617	EOG090B08EH	bCalAnn1_chr1	195057210	bCalAnn1_EOG090B08EH
chr11	82824906	EOG090B06FK	bCalAnn1_chr1	190510692	bCalAnn1_EOG090B06FK
chr11	82914739	EOG090B0382	bCalAnn1_chr1	190542186	bCalAnn1_EOG090B0382
chr11	93747394	EOG090B0905	bCalAnn1_chr1	187393651	bCalAnn1_EOG090B0905
chr11	93784514	EOG090B0387	bCalAnn1_chr1	187380262	bCalAnn1_EOG090B0387
chr11	93820569	EOG090B0EQQ	bCalAnn1_chr1	187369972	bCalAnn1_EOG090B0EQQ
chr11	94439717	EOG090B030Q	bCalAnn1_chr1	187209572	bCalAnn1_EOG090B030Q
chr11	106009535	EOG090B0B4E	bCalAnn1_chr1	182867041	bCalAnn1_EOG090B0B4E
chr11	107504658	EOG090B031P	bCalAnn1_chr1	182291053	bCalAnn1_EOG090B031P
chr11	112075575	EOG090B0FQM	bCalAnn1_chr24	5038685	bCalAnn1_EOG090B0FQM
chr11	116748482	EOG090B06XY	bCalAnn1_chr24	5744520	bCalAnn1_EOG090B06XY
chr11	116778925	EOG090B06VT	bCalAnn1_chr24	5740791	bCalAnn1_EOG090B06VT
chr11	118365081	EOG090B0163	bCalAnn1_chr24	6182625	bCalAnn1_EOG090B0163
chr11	118544916	EOG090B09O9	bCalAnn1_chr24	6239753	bCalAnn1_EOG090B09O9
chr11	118998198	EOG090B09MT	bCalAnn1_chr24	6293125	bCalAnn1_EOG090B09MT
chr11	119069198	EOG090B01FZ	bCalAnn1_chr24	6393969	bCalAnn1_EOG090B01FZ
chr11	119085034	EOG090B0AGU	bCalAnn1_chr24	6403691	bCalAnn1_EOG090B0AGU
chr11	119096998	EOG090B07TV	bCalAnn1_chr24	6415147	bCalAnn1_EOG090B07TV
chr11	119116820	EOG090B05JI	bCalAnn1_chr24	4772304	bCalAnn1_EOG090B05JI
chr11	119170303	EOG090B021C	bCalAnn1_chr24	4747302	bCalAnn1_EOG090B021C
chr11	120211280	EOG090B0BV7	bCalAnn1_chr24	4283745	bCalAnn1_EOG090B0BV7
chr11	123634143	EOG090B0FFQ	bCalAnn1_chr24	3218036	bCalAnn1_EOG090B0FFQ
chr11	124611557	EOG090B07BO	bCalAnn1_chr24	1374389	bCalAnn1_EOG090B07BO
chr11	125588020	EOG090B02LJ	bCalAnn1_chr24	1286192	bCalAnn1_EOG090B02LJ
chr11	126203418	EOG090B0887	bCalAnn1_chr24	1371194	bCalAnn1_EOG090B0887
chr11	129864725	EOG090B01C3	bCalAnn1_chr24	30118	bCalAnn1_EOG090B01C3
chr11	129902313	EOG090B017H	bCalAnn1_chr24	65924	bCalAnn1_EOG090B017H
chr11	289817	EOG090B02MX	bStrHab1_chr4	298643	bStrHab1_EOG090B02MX
chr11	568722	EOG090B00QA	bStrHab1_chr4	48774410	bStrHab1_EOG090B00QA
chr11	770989	EOG090B0D80	bStrHab1_chr4	1201652	bStrHab1_EOG090B0D80
chr11	1277039	EOG090B0DBB	bStrHab1_chr4	50148238	bStrHab1_EOG090B0DBB
chr11	10514916	EOG090B0C80	bStrHab1_chr4	56716434	bStrHab1_EOG090B0C80
chr11	10576332	EOG090B0328	bStrHab1_chr4	56745110	bStrHab1_EOG090B0328
chr11	10751413	EOG090B01NR	bStrHab1_chr4	56857137	bStrHab1_EOG090B01NR
chr11	14457824	EOG090B01K3	bStrHab1_chr4	54897242	bStrHab1_EOG090B01K3
chr11	18080399	EOG090B0IDD	bStrHab1_chr4	52642528	bStrHab1_EOG090B0IDD
chr11	18279882	EOG090B0126	bStrHab1_chr4	52620964	bStrHab1_EOG090B0126
chr11	18329081	EOG090B04Z5	bStrHab1_chr4	52596232	bStrHab1_EOG090B04Z5
chr11	18609861	EOG090B0AJ4	bStrHab1_chr4	52499888	bStrHab1_EOG090B0AJ4
chr11	20363812	EOG090B0C5X	bStrHab1_chr8	44485600	bStrHab1_EOG090B0C5X
chr11	20388040	EOG090B05NP	bStrHab1_chr4	64627199	bStrHab1_EOG090B05NP
chr11	27364159	EOG090B01PI	bStrHab1_chr4	62791600	bStrHab1_EOG090B01PI
chr11	28274425	EOG090B09G3	bStrHab1_chr4	62419175	bStrHab1_EOG090B09G3
chr11	31584590	EOG090B07JS	bStrHab1_chr4	61231222	bStrHab1_EOG090B07JS
chr11	33859356	EOG090B0EA1	bStrHab1_chr4	2901834	bStrHab1_EOG090B0EA1
chr11	34930071	EOG090B06DM	bStrHab1_chr4	58972198	bStrHab1_EOG090B06DM
chr11	36489838	EOG090B04ZH	bStrHab1_chr4	59589831	bStrHab1_EOG090B04ZH
chr11	36560475	EOG090B015R	bStrHab1_chr4	68048491	bStrHab1_EOG090B015R
chr11	36579420	EOG090B053T	bStrHab1_chr4	68034744	bStrHab1_EOG090B053T
chr11	43312128	EOG090B051I	bStrHab1_chr4	3540883	bStrHab1_EOG090B051I
chr11	43359923	EOG090B00GK	bStrHab1_chr4	3558094	bStrHab1_EOG090B00GK
chr11	43882653	EOG090B0ALW	bStrHab1_chr4	3821266	bStrHab1_EOG090B0ALW
chr11	46644292	EOG090B05JW	bStrHab1_chr4	5975075	bStrHab1_EOG090B05JW
chr11	47330865	EOG090B00YR	bStrHab1_chr3	71113246	bStrHab1_EOG090B00YR
chr11	47355227	EOG090B0BOF	bStrHab1_chr4	5420882	bStrHab1_EOG090B0BOF
chr11	47410125	EOG090B07EJ	bStrHab1_chr4	5370178	bStrHab1_EOG090B07EJ
chr11	47437975	EOG090B079L	bStrHab1_chr4	5336849	bStrHab1_EOG090B079L
chr11	47572930	EOG090B0417	bStrHab1_chr4	5260116	bStrHab1_EOG090B0417
chr11	63614001	EOG090B0EUF	bStrHab1_chr4	61318092	bStrHab1_EOG090B0EUF
chr11	71435375	EOG090B05DD	bStrHab1_chr4	65300169	bStrHab1_EOG090B05DD
chr11	71453297	EOG090B02OO	bStrHab1_chr4	65309746	bStrHab1_EOG090B02OO
chr11	74267248	EOG090B06MX	bStrHab1_chr2	121751129	bStrHab1_EOG090B06MX
chr11	76795617	EOG090B08EH	bStrHab1_chr2	119978716	bStrHab1_EOG090B08EH
chr11	82824906	EOG090B06FK	bStrHab1_chr2	115516671	bStrHab1_EOG090B06FK
chr11	82914739	EOG090B0382	bStrHab1_chr2	115547870	bStrHab1_EOG090B0382
chr11	93747394	EOG090B0905	bStrHab1_chr2	112481095	bStrHab1_EOG090B0905
chr11	93784514	EOG090B0387	bStrHab1_chr2	112468336	bStrHab1_EOG090B0387
chr11	93820569	EOG090B0EQQ	bStrHab1_chr2	112454878	bStrHab1_EOG090B0EQQ
chr11	94439717	EOG090B030Q	bStrHab1_chr2	112290909	bStrHab1_EOG090B030Q
chr11	106009535	EOG090B0B4E	bStrHab1_chr2	107692571	bStrHab1_EOG090B0B4E
chr11	107504658	EOG090B031P	bStrHab1_chr2	107092232	bStrHab1_EOG090B031P
chr11	112075575	EOG090B0FQM	bStrHab1_chr17	1777824	bStrHab1_EOG090B0FQM
chr11	116748482	EOG090B06XY	bStrHab1_chr17	842553	bStrHab1_EOG090B06XY
chr11	116778925	EOG090B06VT	bStrHab1_chr17	849159	bStrHab1_EOG090B06VT
chr11	118365081	EOG090B0163	bStrHab1_chr17	298125	bStrHab1_EOG090B0163
chr11	118544916	EOG090B09O9	bStrHab1_chr17	244122	bStrHab1_EOG090B09O9
chr11	118998198	EOG090B09MT	bStrHab1_chr17	184239	bStrHab1_EOG090B09MT
chr11	119069198	EOG090B01FZ	bStrHab1_chr17	79597	bStrHab1_EOG090B01FZ
chr11	119085034	EOG090B0AGU	bStrHab1_chr17	76592	bStrHab1_EOG090B0AGU
chr11	119096998	EOG090B07TV	bStrHab1_chr17	69032	bStrHab1_EOG090B07TV
chr11	119116820	EOG090B05JI	bStrHab1_chr17	2113592	bStrHab1_EOG090B05JI
chr11	119170303	EOG090B021C	bStrHab1_chr17	2137348	bStrHab1_EOG090B021C
chr11	120211280	EOG090B0BV7	bStrHab1_chr17	2649054	bStrHab1_EOG090B0BV7
chr11	123634143	EOG090B0FFQ	bStrHab1_chr17	3740481	bStrHab1_EOG090B0FFQ
chr11	124611557	EOG090B07BO	bStrHab1_chr17	4680599	bStrHab1_EOG090B07BO
chr11	125588020	EOG090B02LJ	bStrHab1_chr17	6865735	bStrHab1_EOG090B02LJ
chr11	126203418	EOG090B0887	bStrHab1_chr17	4676376	bStrHab1_EOG090B0887
chr11	129864725	EOG090B01C3	bStrHab1_chr17	5369353	bStrHab1_EOG090B01C3
chr11	129902313	EOG090B017H	bStrHab1_chr17	5332666	bStrHab1_EOG090B017H
chr11	289817	EOG090B02MX	bTaeGut1_chr5	8755393	bTaeGut1_EOG090B02MX
chr11	568722	EOG090B00QA	bTaeGut1_chr5	17335603	bTaeGut1_EOG090B00QA
chr11	770989	EOG090B0D80	bTaeGut1_chr5	9774647	bTaeGut1_EOG090B0D80
chr11	1277039	EOG090B0DBB	bTaeGut1_chr5	16110954	bTaeGut1_EOG090B0DBB
chr11	10514916	EOG090B0C80	bTaeGut1_chr5	10029158	bTaeGut1_EOG090B0C80
chr11	10576332	EOG090B0328	bTaeGut1_chr5	9983368	bTaeGut1_EOG090B0328
chr11	10751413	EOG090B01NR	bTaeGut1_chr5	9897730	bTaeGut1_EOG090B01NR
chr11	14457824	EOG090B01K3	bTaeGut1_chr5	11656751	bTaeGut1_EOG090B01K3
chr11	18080399	EOG090B0IDD	bTaeGut1_chr5	13745991	bTaeGut1_EOG090B0IDD
chr11	18279882	EOG090B0126	bTaeGut1_chr5	13762502	bTaeGut1_EOG090B0126
chr11	18329081	EOG090B04Z5	bTaeGut1_chr5	13782554	bTaeGut1_EOG090B04Z5
chr11	18609861	EOG090B0AJ4	bTaeGut1_chr5	13874202	bTaeGut1_EOG090B0AJ4
chr11	20363812	EOG090B0C5X	bTaeGut1_chr8	32252755	bTaeGut1_EOG090B0C5X
chr11	20388040	EOG090B05NP	bTaeGut1_chr5	6257330	bTaeGut1_EOG090B05NP
chr11	27364159	EOG090B01PI	bTaeGut1_chr5	1187759	bTaeGut1_EOG090B01PI
chr11	28274425	EOG090B09G3	bTaeGut1_chr5	1662863	bTaeGut1_EOG090B09G3
chr11	31584590	EOG090B07JS	bTaeGut1_chr5	2714977	bTaeGut1_EOG090B07JS
chr11	33859356	EOG090B0EA1	bTaeGut1_chr5	7599711	bTaeGut1_EOG090B0EA1
chr11	34930071	EOG090B06DM	bTaeGut1_chr5	18325116	bTaeGut1_EOG090B06DM
chr11	36489838	EOG090B04ZH	bTaeGut1_chr5	18966422	bTaeGut1_EOG090B04ZH
chr11	36560475	EOG090B015R	bTaeGut1_chr5	18987627	bTaeGut1_EOG090B015R
chr11	36579420	EOG090B053T	bTaeGut1_chr5	18998463	bTaeGut1_EOG090B053T
chr11	43312128	EOG090B051I	bTaeGut1_chr5	20992379	bTaeGut1_EOG090B051I
chr11	43359923	EOG090B00GK	bTaeGut1_chr5	21013118	bTaeGut1_EOG090B00GK
chr11	43882653	EOG090B0ALW	bTaeGut1_chr5	21255546	bTaeGut1_EOG090B0ALW
chr11	46644292	EOG090B05JW	bTaeGut1_chr5	23289201	bTaeGut1_EOG090B05JW
chr11	47330865	EOG090B00YR	bTaeGut1_chr1A	52983881	bTaeGut1_EOG090B00YR
chr11	47355227	EOG090B0BOF	bTaeGut1_chr5	22740182	bTaeGut1_EOG090B0BOF
chr11	47410125	EOG090B07EJ	bTaeGut1_chr5	22690053	bTaeGut1_EOG090B07EJ
chr11	47437975	EOG090B079L	bTaeGut1_chr5	22656142	bTaeGut1_EOG090B079L
chr11	47572930	EOG090B0417	bTaeGut1_chr5	22584604	bTaeGut1_EOG090B0417
chr11	63614001	EOG090B0EUF	bTaeGut1_chr5	2683157	bTaeGut1_EOG090B0EUF
chr11	71435375	EOG090B05DD	bTaeGut1_chr5	6409506	bTaeGut1_EOG090B05DD
chr11	71453297	EOG090B02OO	bTaeGut1_chr5	6417229	bTaeGut1_EOG090B02OO
chr11	74267248	EOG090B06MX	bTaeGut1_chr1	19145639	bTaeGut1_EOG090B06MX
chr11	76795617	EOG090B08EH	bTaeGut1_chr1	28730959	bTaeGut1_EOG090B08EH
chr11	82824906	EOG090B06FK	bTaeGut1_chr1	33008262	bTaeGut1_EOG090B06FK
chr11	82914739	EOG090B0382	bTaeGut1_chr1	32998441	bTaeGut1_EOG090B0382
chr11	93747394	EOG090B0905	bTaeGut1_chr1	36007594	bTaeGut1_EOG090B0905
chr11	93784514	EOG090B0387	bTaeGut1_chr1	36016944	bTaeGut1_EOG090B0387
chr11	93820569	EOG090B0EQQ	bTaeGut1_chr1	36033066	bTaeGut1_EOG090B0EQQ
chr11	94439717	EOG090B030Q	bTaeGut1_chr1	36161398	bTaeGut1_EOG090B030Q
chr11	106009535	EOG090B0B4E	bTaeGut1_chr1	40451190	bTaeGut1_EOG090B0B4E
chr11	107504658	EOG090B031P	bTaeGut1_chr1	40955672	bTaeGut1_EOG090B031P
chr11	112075575	EOG090B0FQM	bTaeGut1_chr24	6135881	bTaeGut1_EOG090B0FQM
chr11	116748482	EOG090B06XY	bTaeGut1_chr24	6893473	bTaeGut1_EOG090B06XY
chr11	116778925	EOG090B06VT	bTaeGut1_chr24	6889486	bTaeGut1_EOG090B06VT
chr11	118365081	EOG090B0163	bTaeGut1_chr24	7403730	bTaeGut1_EOG090B0163
chr11	118544916	EOG090B09O9	bTaeGut1_chr24	7462765	bTaeGut1_EOG090B09O9
chr11	118998198	EOG090B09MT	bTaeGut1_chr24	7522873	bTaeGut1_EOG090B09MT
chr11	119069198	EOG090B01FZ	bTaeGut1_chr24	7620399	bTaeGut1_EOG090B01FZ
chr11	119085034	EOG090B0AGU	bTaeGut1_chr24	7630258	bTaeGut1_EOG090B0AGU
chr11	119096998	EOG090B07TV	bTaeGut1_chr24	7643408	bTaeGut1_EOG090B07TV
chr11	119116820	EOG090B05JI	bTaeGut1_chr24	5861363	bTaeGut1_EOG090B05JI
chr11	119170303	EOG090B021C	bTaeGut1_chr24	5832888	bTaeGut1_EOG090B021C
chr11	120211280	EOG090B0BV7	bTaeGut1_chr24	5342966	bTaeGut1_EOG090B0BV7
chr11	123634143	EOG090B0FFQ	bTaeGut1_chr24	4126355	bTaeGut1_EOG090B0FFQ
chr11	124611557	EOG090B07BO	bTaeGut1_chr24	2123335	bTaeGut1_EOG090B07BO
chr11	125588020	EOG090B02LJ	bTaeGut1_chr24	1975670	bTaeGut1_EOG090B02LJ
chr11	126203418	EOG090B0887	bTaeGut1_chr24	2119074	bTaeGut1_EOG090B0887
chr11	129864725	EOG090B01C3	bTaeGut1_chr24	376600	bTaeGut1_EOG090B01C3
chr11	129902313	EOG090B017H	bTaeGut1_chr24	397658	bTaeGut1_EOG090B017H
chr11	289817	EOG090B02MX	fAnaTes1_chr6	15100667	fAnaTes1_EOG090B02MX
chr11	568722	EOG090B00QA	fAnaTes1_chr6	9066136	fAnaTes1_EOG090B00QA
chr11	770989	EOG090B0D80	fAnaTes1_chr6	14889628	fAnaTes1_EOG090B0D80
chr11	1277039	EOG090B0DBB	fAnaTes1_chr3	26161284	fAnaTes1_EOG090B0DBB
chr11	10514916	EOG090B0C80	fAnaTes1_chr6	20943789	fAnaTes1_EOG090B0C80
chr11	10576332	EOG090B0328	fAnaTes1_chr3	8462595	fAnaTes1_EOG090B0328
chr11	10751413	EOG090B01NR	fAnaTes1_chr3	8438331	fAnaTes1_EOG090B01NR
chr11	14457824	EOG090B01K3	fAnaTes1_chr3	8969687	fAnaTes1_EOG090B01K3
chr11	18080399	EOG090B0IDD	fAnaTes1_chr6	15238393	fAnaTes1_EOG090B0IDD
chr11	18279882	EOG090B0126	fAnaTes1_chr6	15142309	fAnaTes1_EOG090B0126
chr11	18329081	EOG090B04Z5	fAnaTes1_chr6	15143952	fAnaTes1_EOG090B04Z5
chr11	18609861	EOG090B0AJ4	fAnaTes1_chr6	8647287	fAnaTes1_EOG090B0AJ4
chr11	20363812	EOG090B0C5X	fAnaTes1_chr3	16958328	fAnaTes1_EOG090B0C5X
chr11	20388040	EOG090B05NP	fAnaTes1_chr3	16909412	fAnaTes1_EOG090B05NP
chr11	27364159	EOG090B01PI	fAnaTes1_chr3	9998400	fAnaTes1_EOG090B01PI
chr11	28274425	EOG090B09G3	fAnaTes1_chr3	10064709	fAnaTes1_EOG090B09G3
chr11	31584590	EOG090B07JS	fAnaTes1_chr3	5380002	fAnaTes1_EOG090B07JS
chr11	33859356	EOG090B0EA1	fAnaTes1_chr6	15921314	fAnaTes1_EOG090B0EA1
chr11	34930071	EOG090B06DM	fAnaTes1_chr6	9366611	fAnaTes1_EOG090B06DM
chr11	36489838	EOG090B04ZH	fAnaTes1_chr3	15994713	fAnaTes1_EOG090B04ZH
chr11	36560475	EOG090B015R	fAnaTes1_chr6	9846202	fAnaTes1_EOG090B015R
chr11	36579420	EOG090B053T	fAnaTes1_chr6	9838062	fAnaTes1_EOG090B053T
chr11	43312128	EOG090B051I	fAnaTes1_chr6	20356318	fAnaTes1_EOG090B051I
chr11	43359923	EOG090B00GK	fAnaTes1_chr3	16000375	fAnaTes1_EOG090B00GK
chr11	43882653	EOG090B0ALW	fAnaTes1_chr6	20271127	fAnaTes1_EOG090B0ALW
chr11	46644292	EOG090B05JW	fAnaTes1_chr2	7061300	fAnaTes1_EOG090B05JW
chr11	47330865	EOG090B00YR	fAnaTes1_chr23	10339355	fAnaTes1_EOG090B00YR
chr11	47355227	EOG090B0BOF	fAnaTes1_chr3	9963276	fAnaTes1_EOG090B0BOF
chr11	47410125	EOG090B07EJ	fAnaTes1_chr3	9943058	fAnaTes1_EOG090B07EJ
chr11	47437975	EOG090B079L	fAnaTes1_chr6	14868497	fAnaTes1_EOG090B079L
chr11	47572930	EOG090B0417	fAnaTes1_chr6	14864374	fAnaTes1_EOG090B0417
chr11	63614001	EOG090B0EUF	fAnaTes1_chr3	5366943	fAnaTes1_EOG090B0EUF
chr11	71435375	EOG090B05DD	fAnaTes1_chr3	23991108	fAnaTes1_EOG090B05DD
chr11	71453297	EOG090B02OO	fAnaTes1_chr3	27878848	fAnaTes1_EOG090B02OO
chr11	74267248	EOG090B06MX	fAnaTes1_chr13	7241466	fAnaTes1_EOG090B06MX
chr11	76795617	EOG090B08EH	fAnaTes1_chr13	11068530	fAnaTes1_EOG090B08EH
chr11	82824906	EOG090B06FK	fAnaTes1_chr13	5003729	fAnaTes1_EOG090B06FK
chr11	82914739	EOG090B0382	fAnaTes1_chr3	3378184	fAnaTes1_EOG090B0382
chr11	93747394	EOG090B0905	fAnaTes1_chr14	5248543	fAnaTes1_EOG090B0905
chr11	93784514	EOG090B0387	fAnaTes1_chr13	2488343	fAnaTes1_EOG090B0387
chr11	93820569	EOG090B0EQQ	fAnaTes1_chr13	2494281	fAnaTes1_EOG090B0EQQ
chr11	94439717	EOG090B030Q	fAnaTes1_chr13	17681507	fAnaTes1_EOG090B030Q
chr11	106009535	EOG090B0B4E	fAnaTes1_chr13	15173327	fAnaTes1_EOG090B0B4E
chr11	107504658	EOG090B031P	fAnaTes1_chr13	15251455	fAnaTes1_EOG090B031P
chr11	112075575	EOG090B0FQM	fAnaTes1_chr13	21509498	fAnaTes1_EOG090B0FQM
chr11	116748482	EOG090B06XY	fAnaTes1_chr14	9705482	fAnaTes1_EOG090B06XY
chr11	116778925	EOG090B06VT	fAnaTes1_chr5	20911944	fAnaTes1_EOG090B06VT
chr11	118365081	EOG090B0163	fAnaTes1_chr13	16647447	fAnaTes1_EOG090B0163
chr11	118544916	EOG090B09O9	fAnaTes1_chr18	1181629	fAnaTes1_EOG090B09O9
chr11	118998198	EOG090B09MT	fAnaTes1_chr9	18717776	fAnaTes1_EOG090B09MT
chr11	119069198	EOG090B01FZ	fAnaTes1_chr14	907835	fAnaTes1_EOG090B01FZ
chr11	119085034	EOG090B0AGU	fAnaTes1_chr13	22715125	fAnaTes1_EOG090B0AGU
chr11	119096998	EOG090B07TV	fAnaTes1_chr14	8274950	fAnaTes1_EOG090B07TV
chr11	119116820	EOG090B05JI	fAnaTes1_chr14	8279312	fAnaTes1_EOG090B05JI
chr11	119170303	EOG090B021C	fAnaTes1_chr13	23475087	fAnaTes1_EOG090B021C
chr11	120211280	EOG090B0BV7	fAnaTes1_chr13	17100041	fAnaTes1_EOG090B0BV7
chr11	123634143	EOG090B0FFQ	fAnaTes1_chr13	17203485	fAnaTes1_EOG090B0FFQ
chr11	124611557	EOG090B07BO	fAnaTes1_chr14	1726234	fAnaTes1_EOG090B07BO
chr11	125588020	EOG090B02LJ	fAnaTes1_chr14	3162286	fAnaTes1_EOG090B02LJ
chr11	126203418	EOG090B0887	fAnaTes1_chr5	13476969	fAnaTes1_EOG090B0887
chr11	129864725	EOG090B01C3	fAnaTes1_chr14	9211158	fAnaTes1_EOG090B01C3
chr11	129902313	EOG090B017H	fAnaTes1_chr13	3970954	fAnaTes1_EOG090B017H
chr11	289817	EOG090B02MX	fArcCen1_chr6	17898783	fArcCen1_EOG090B02MX
chr11	568722	EOG090B00QA	fArcCen1_chr6	26240420	fArcCen1_EOG090B00QA
chr11	770989	EOG090B0D80	fArcCen1_chr6	18228478	fArcCen1_EOG090B0D80
chr11	1277039	EOG090B0DBB	fArcCen1_scaffold_48_ctg1	288664	fArcCen1_EOG090B0DBB
chr11	10514916	EOG090B0C80	fArcCen1_chr6	9553987	fArcCen1_EOG090B0C80
chr11	10576332	EOG090B0328	fArcCen1_chr3	15781648	fArcCen1_EOG090B0328
chr11	10751413	EOG090B01NR	fArcCen1_chr3	15818545	fArcCen1_EOG090B01NR
chr11	14457824	EOG090B01K3	fArcCen1_chr3	15087687	fArcCen1_EOG090B01K3
chr11	18080399	EOG090B0IDD	fArcCen1_chr6	17599910	fArcCen1_EOG090B0IDD
chr11	18279882	EOG090B0126	fArcCen1_chr6	17851761	fArcCen1_EOG090B0126
chr11	18329081	EOG090B04Z5	fArcCen1_chr6	17836577	fArcCen1_EOG090B04Z5
chr11	18609861	EOG090B0AJ4	fArcCen1_chr6	26805463	fArcCen1_EOG090B0AJ4
chr11	20363812	EOG090B0C5X	fArcCen1_chr3	2473694	fArcCen1_EOG090B0C5X
chr11	20388040	EOG090B05NP	fArcCen1_chr3	2505875	fArcCen1_EOG090B05NP
chr11	27364159	EOG090B01PI	fArcCen1_chr3	13586599	fArcCen1_EOG090B01PI
chr11	28274425	EOG090B09G3	fArcCen1_chr3	13474364	fArcCen1_EOG090B09G3
chr11	31584590	EOG090B07JS	fArcCen1_chr3	20182082	fArcCen1_EOG090B07JS
chr11	33859356	EOG090B0EA1	fArcCen1_chr6	16673641	fArcCen1_EOG090B0EA1
chr11	34930071	EOG090B06DM	fArcCen1_chr6	25851405	fArcCen1_EOG090B06DM
chr11	36489838	EOG090B04ZH	fArcCen1_chr3	4257387	fArcCen1_EOG090B04ZH
chr11	36560475	EOG090B015R	fArcCen1_chr6	25156234	fArcCen1_EOG090B015R
chr11	36579420	EOG090B053T	fArcCen1_chr6	25162108	fArcCen1_EOG090B053T
chr11	43312128	EOG090B051I	fArcCen1_chr6	10523513	fArcCen1_EOG090B051I
chr11	43359923	EOG090B00GK	fArcCen1_chr3	4235673	fArcCen1_EOG090B00GK
chr11	43882653	EOG090B0ALW	fArcCen1_chr6	10628396	fArcCen1_EOG090B0ALW
chr11	46644292	EOG090B05JW	fArcCen1_chr2	19994074	fArcCen1_EOG090B05JW
chr11	47330865	EOG090B00YR	fArcCen1_scaffold_36_ctg1	1953319	fArcCen1_EOG090B00YR
chr11	47355227	EOG090B0BOF	fArcCen1_chr3	13643634	fArcCen1_EOG090B0BOF
chr11	47410125	EOG090B07EJ	fArcCen1_chr3	13662398	fArcCen1_EOG090B07EJ
chr11	47437975	EOG090B079L	fArcCen1_chr6	18258064	fArcCen1_EOG090B079L
chr11	47572930	EOG090B0417	fArcCen1_chr6	18251984	fArcCen1_EOG090B0417
chr11	63614001	EOG090B0EUF	fArcCen1_chr3	20216674	fArcCen1_EOG090B0EUF
chr11	71435375	EOG090B05DD	fArcCen1_chr3	34162665	fArcCen1_EOG090B05DD
chr11	71453297	EOG090B02OO	fArcCen1_scaffold_32_ctg1	1570304	fArcCen1_EOG090B02OO
chr11	74267248	EOG090B06MX	fArcCen1_chr13	18623750	fArcCen1_EOG090B06MX
chr11	76795617	EOG090B08EH	fArcCen1_chr13	36072292	fArcCen1_EOG090B08EH
chr11	82824906	EOG090B06FK	fArcCen1_chr13	15570221	fArcCen1_EOG090B06FK
chr11	82914739	EOG090B0382	fArcCen1_chr3	23154675	fArcCen1_EOG090B0382
chr11	93747394	EOG090B0905	fArcCen1_chr14	30663534	fArcCen1_EOG090B0905
chr11	93784514	EOG090B0387	fArcCen1_chr13	8636953	fArcCen1_EOG090B0387
chr11	93820569	EOG090B0EQQ	fArcCen1_chr13	8631940	fArcCen1_EOG090B0EQQ
chr11	94439717	EOG090B030Q	fArcCen1_chr13	25741101	fArcCen1_EOG090B030Q
chr11	106009535	EOG090B0B4E	fArcCen1_chr13	29888852	fArcCen1_EOG090B0B4E
chr11	107504658	EOG090B031P	fArcCen1_chr13	29747633	fArcCen1_EOG090B031P
chr11	112075575	EOG090B0FQM	fArcCen1_chr13	20393720	fArcCen1_EOG090B0FQM
chr11	116748482	EOG090B06XY	fArcCen1_chr14	22471656	fArcCen1_EOG090B06XY
chr11	116778925	EOG090B06VT	fArcCen1_chr5	30718178	fArcCen1_EOG090B06VT
chr11	118365081	EOG090B0163	fArcCen1_chr13	27379721	fArcCen1_EOG090B0163
chr11	118544916	EOG090B09O9	fArcCen1_scaffold_45_ctg1	1537247	fArcCen1_EOG090B09O9
chr11	118998198	EOG090B09MT	fArcCen1_chr9	4666823	fArcCen1_EOG090B09MT
chr11	119069198	EOG090B01FZ	fArcCen1_chr14	34401432	fArcCen1_EOG090B01FZ
chr11	119085034	EOG090B0AGU	fArcCen1_chr13	1577775	fArcCen1_EOG090B0AGU
chr11	119096998	EOG090B07TV	fArcCen1_chr14	20269237	fArcCen1_EOG090B07TV
chr11	119116820	EOG090B05JI	fArcCen1_chr14	20274617	fArcCen1_EOG090B05JI
chr11	119170303	EOG090B021C	fArcCen1_chr13	5748266	fArcCen1_EOG090B021C
chr11	120211280	EOG090B0BV7	fArcCen1_chr13	26752840	fArcCen1_EOG090B0BV7
chr11	123634143	EOG090B0FFQ	fArcCen1_chr13	26624233	fArcCen1_EOG090B0FFQ
chr11	124611557	EOG090B07BO	fArcCen1_chr14	35905485	fArcCen1_EOG090B07BO
chr11	125588020	EOG090B02LJ	fArcCen1_chr14	33124858	fArcCen1_EOG090B02LJ
chr11	126203418	EOG090B0887	fArcCen1_chr5	18845103	fArcCen1_EOG090B0887
chr11	129864725	EOG090B01C3	fArcCen1_chr14	21591682	fArcCen1_EOG090B01C3
chr11	129902313	EOG090B017H	fArcCen1_chr13	14289789	fArcCen1_EOG090B017H
chr11	289817	EOG090B02MX	fAstCal1_chr7	53756629	fAstCal1_EOG090B02MX
chr11	568722	EOG090B00QA	fAstCal1_chr7	62491680	fAstCal1_EOG090B00QA
chr11	770989	EOG090B0D80	fAstCal1_chr7	54083977	fAstCal1_EOG090B0D80
chr11	1277039	EOG090B0DBB	fAstCal1_chr1	355392	fAstCal1_EOG090B0DBB
chr11	10514916	EOG090B0C80	fAstCal1_chr7	45147492	fAstCal1_EOG090B0C80
chr11	10576332	EOG090B0328	fAstCal1_chr1	18839912	fAstCal1_EOG090B0328
chr11	10751413	EOG090B01NR	fAstCal1_chr1	18876954	fAstCal1_EOG090B01NR
chr11	14457824	EOG090B01K3	fAstCal1_chr1	18173298	fAstCal1_EOG090B01K3
chr11	18080399	EOG090B0IDD	fAstCal1_chr7	53534028	fAstCal1_EOG090B0IDD
chr11	18279882	EOG090B0126	fAstCal1_chr7	53708634	fAstCal1_EOG090B0126
chr11	18329081	EOG090B04Z5	fAstCal1_chr7	53693424	fAstCal1_EOG090B04Z5
chr11	18609861	EOG090B0AJ4	fAstCal1_chr7	63061240	fAstCal1_EOG090B0AJ4
chr11	20363812	EOG090B0C5X	fAstCal1_chr1	40051622	fAstCal1_EOG090B0C5X
chr11	20388040	EOG090B05NP	fAstCal1_chr1	40061978	fAstCal1_EOG090B05NP
chr11	27364159	EOG090B01PI	fAstCal1_chr1	16691830	fAstCal1_EOG090B01PI
chr11	28274425	EOG090B09G3	fAstCal1_chr1	16488582	fAstCal1_EOG090B09G3
chr11	31584590	EOG090B07JS	fAstCal1_chr1	22850482	fAstCal1_EOG090B07JS
chr11	33859356	EOG090B0EA1	fAstCal1_chr7	52566687	fAstCal1_EOG090B0EA1
chr11	34930071	EOG090B06DM	fAstCal1_chr7	62106334	fAstCal1_EOG090B06DM
chr11	36489838	EOG090B04ZH	fAstCal1_chr1	7545004	fAstCal1_EOG090B04ZH
chr11	36560475	EOG090B015R	fAstCal1_chr7	61438281	fAstCal1_EOG090B015R
chr11	36579420	EOG090B053T	fAstCal1_chr7	61444136	fAstCal1_EOG090B053T
chr11	43312128	EOG090B051I	fAstCal1_chr7	45953772	fAstCal1_EOG090B051I
chr11	43359923	EOG090B00GK	fAstCal1_chr1	7514365	fAstCal1_EOG090B00GK
chr11	43882653	EOG090B0ALW	fAstCal1_chr7	46058233	fAstCal1_EOG090B0ALW
chr11	46644292	EOG090B05JW	fAstCal1_chr23	38877452	fAstCal1_EOG090B05JW
chr11	47330865	EOG090B00YR	fAstCal1_chr17	25258381	fAstCal1_EOG090B00YR
chr11	47355227	EOG090B0BOF	fAstCal1_chr1	16758992	fAstCal1_EOG090B0BOF
chr11	47410125	EOG090B07EJ	fAstCal1_chr1	16785379	fAstCal1_EOG090B07EJ
chr11	47437975	EOG090B079L	fAstCal1_chr7	54129124	fAstCal1_EOG090B079L
chr11	47572930	EOG090B0417	fAstCal1_chr7	54122972	fAstCal1_EOG090B0417
chr11	63614001	EOG090B0EUF	fAstCal1_chr1	22889845	fAstCal1_EOG090B0EUF
chr11	71435375	EOG090B05DD	fAstCal1_chr1	34902829	fAstCal1_EOG090B05DD
chr11	71453297	EOG090B02OO	fAstCal1_chr1	38009214	fAstCal1_EOG090B02OO
chr11	74267248	EOG090B06MX	fAstCal1_chr14	10815671	fAstCal1_EOG090B06MX
chr11	76795617	EOG090B08EH	fAstCal1_chr14	22404486	fAstCal1_EOG090B08EH
chr11	82824906	EOG090B06FK	fAstCal1_chr14	7551552	fAstCal1_EOG090B06FK
chr11	82914739	EOG090B0382	fAstCal1_chr1	25504422	fAstCal1_EOG090B0382
chr11	93747394	EOG090B0905	fAstCal1_chr10	11094216	fAstCal1_EOG090B0905
chr11	93784514	EOG090B0387	fAstCal1_chr14	3790092	fAstCal1_EOG090B0387
chr11	93820569	EOG090B0EQQ	fAstCal1_chr14	3769575	fAstCal1_EOG090B0EQQ
chr11	94439717	EOG090B030Q	fAstCal1_chr14	17463990	fAstCal1_EOG090B030Q
chr11	106009535	EOG090B0B4E	fAstCal1_chr14	21150348	fAstCal1_EOG090B0B4E
chr11	107504658	EOG090B031P	fAstCal1_chr14	21011437	fAstCal1_EOG090B031P
chr11	112075575	EOG090B0FQM	fAstCal1_chr14	12410172	fAstCal1_EOG090B0FQM
chr11	116748482	EOG090B06XY	fAstCal1_chr10	14873774	fAstCal1_EOG090B06XY
chr11	116778925	EOG090B06VT	fAstCal1_chr5	10421150	fAstCal1_EOG090B06VT
chr11	118365081	EOG090B0163	fAstCal1_chr14	18894911	fAstCal1_EOG090B0163
chr11	118544916	EOG090B09O9	fAstCal1_chr3	50666172	fAstCal1_EOG090B09O9
chr11	118998198	EOG090B09MT	fAstCal1_chr12	27835813	fAstCal1_EOG090B09MT
chr11	119069198	EOG090B01FZ	fAstCal1_chr10	6486793	fAstCal1_EOG090B01FZ
chr11	119085034	EOG090B0AGU	fAstCal1_chr14	35240008	fAstCal1_EOG090B0AGU
chr11	119096998	EOG090B07TV	fAstCal1_chr10	12876577	fAstCal1_EOG090B07TV
chr11	119116820	EOG090B05JI	fAstCal1_chr10	12881761	fAstCal1_EOG090B05JI
chr11	119170303	EOG090B021C	fAstCal1_chr14	39622645	fAstCal1_EOG090B021C
chr11	120211280	EOG090B0BV7	fAstCal1_chr14	18274648	fAstCal1_EOG090B0BV7
chr11	123634143	EOG090B0FFQ	fAstCal1_chr14	18145643	fAstCal1_EOG090B0FFQ
chr11	124611557	EOG090B07BO	fAstCal1_chr10	4555108	fAstCal1_EOG090B07BO
chr11	125588020	EOG090B02LJ	fAstCal1_chr10	2608157	fAstCal1_EOG090B02LJ
chr11	126203418	EOG090B0887	fAstCal1_chr5	19647180	fAstCal1_EOG090B0887
chr11	129864725	EOG090B01C3	fAstCal1_chr10	14163671	fAstCal1_EOG090B01C3
chr11	129902313	EOG090B017H	fAstCal1_chr14	6261230	fAstCal1_EOG090B017H
chr11	289817	EOG090B02MX	fCotGob3_chr6	17982358	fCotGob3_EOG090B02MX
chr11	568722	EOG090B00QA	fCotGob3_chr6	11058457	fCotGob3_EOG090B00QA
chr11	770989	EOG090B0D80	fCotGob3_chr6	17738358	fCotGob3_EOG090B0D80
chr11	1277039	EOG090B0DBB	fCotGob3_chr3	1133990	fCotGob3_EOG090B0DBB
chr11	10514916	EOG090B0C80	fCotGob3_chr6	24118988	fCotGob3_EOG090B0C80
chr11	10576332	EOG090B0328	fCotGob3_chr3	19338132	fCotGob3_EOG090B0328
chr11	10751413	EOG090B01NR	fCotGob3_chr3	19372356	fCotGob3_EOG090B01NR
chr11	14457824	EOG090B01K3	fCotGob3_chr3	18749746	fCotGob3_EOG090B01K3
chr11	18080399	EOG090B0IDD	fCotGob3_chr6	18117675	fCotGob3_EOG090B0IDD
chr11	18279882	EOG090B0126	fCotGob3_chr6	18031675	fCotGob3_EOG090B0126
chr11	18329081	EOG090B04Z5	fCotGob3_chr6	18033093	fCotGob3_EOG090B04Z5
chr11	18609861	EOG090B0AJ4	fCotGob3_chr6	10545263	fCotGob3_EOG090B0AJ4
chr11	20363812	EOG090B0C5X	fCotGob3_chr3	9110378	fCotGob3_EOG090B0C5X
chr11	20388040	EOG090B05NP	fCotGob3_chr3	9118634	fCotGob3_EOG090B05NP
chr11	27364159	EOG090B01PI	fCotGob3_chr3	17490208	fCotGob3_EOG090B01PI
chr11	28274425	EOG090B09G3	fCotGob3_chr3	17393959	fCotGob3_EOG090B09G3
chr11	31584590	EOG090B07JS	fCotGob3_chr3	22892610	fCotGob3_EOG090B07JS
chr11	33859356	EOG090B0EA1	fCotGob3_chr6	18880613	fCotGob3_EOG090B0EA1
chr11	34930071	EOG090B06DM	fCotGob3_chr6	11404193	fCotGob3_EOG090B06DM
chr11	36489838	EOG090B04ZH	fCotGob3_chr3	10377201	fCotGob3_EOG090B04ZH
chr11	36560475	EOG090B015R	fCotGob3_chr6	12025763	fCotGob3_EOG090B015R
chr11	36579420	EOG090B053T	fCotGob3_chr6	12021569	fCotGob3_EOG090B053T
chr11	43312128	EOG090B051I	fCotGob3_chr6	23395724	fCotGob3_EOG090B051I
chr11	43359923	EOG090B00GK	fCotGob3_chr3	10358480	fCotGob3_EOG090B00GK
chr11	43882653	EOG090B0ALW	fCotGob3_chr6	23464451	fCotGob3_EOG090B0ALW
chr11	46644292	EOG090B05JW	fCotGob3_chr2	6547409	fCotGob3_EOG090B05JW
chr11	47330865	EOG090B00YR	fCotGob3_chr23	3189463	fCotGob3_EOG090B00YR
chr11	47355227	EOG090B0BOF	fCotGob3_chr3	17552180	fCotGob3_EOG090B0BOF
chr11	47410125	EOG090B07EJ	fCotGob3_chr3	17573757	fCotGob3_EOG090B07EJ
chr11	47437975	EOG090B079L	fCotGob3_chr6	17712952	fCotGob3_EOG090B079L
chr11	47572930	EOG090B0417	fCotGob3_chr6	17712952	fCotGob3_EOG090B0417
chr11	63614001	EOG090B0EUF	fCotGob3_chr3	22917301	fCotGob3_EOG090B0EUF
chr11	71435375	EOG090B05DD	fCotGob3_chr3	3035553	fCotGob3_EOG090B05DD
chr11	71453297	EOG090B02OO	fCotGob3_chr3	2783941	fCotGob3_EOG090B02OO
chr11	74267248	EOG090B06MX	fCotGob3_chr13	15296530	fCotGob3_EOG090B06MX
chr11	76795617	EOG090B08EH	fCotGob3_chr13	5608843	fCotGob3_EOG090B08EH
chr11	82824906	EOG090B06FK	fCotGob3_chr13	17740691	fCotGob3_EOG090B06FK
chr11	82914739	EOG090B0382	fCotGob3_chr6	23538895	fCotGob3_EOG090B0382
chr11	93747394	EOG090B0905	fCotGob3_chr14	13498277	fCotGob3_EOG090B0905
chr11	93784514	EOG090B0387	fCotGob3_chr13	21091113	fCotGob3_EOG090B0387
chr11	93820569	EOG090B0EQQ	fCotGob3_chr13	21102249	fCotGob3_EOG090B0EQQ
chr11	94439717	EOG090B030Q	fCotGob3_chr13	11177172	fCotGob3_EOG090B030Q
chr11	106009535	EOG090B0B4E	fCotGob3_chr13	8226190	fCotGob3_EOG090B0B4E
chr11	107504658	EOG090B031P	fCotGob3_chr13	8322741	fCotGob3_EOG090B031P
chr11	112075575	EOG090B0FQM	fCotGob3_chr13	14111729	fCotGob3_EOG090B0FQM
chr11	116748482	EOG090B06XY	fCotGob3_chr14	7557813	fCotGob3_EOG090B06XY
chr11	116778925	EOG090B06VT	fCotGob3_chr5	24953669	fCotGob3_EOG090B06VT
chr11	118365081	EOG090B0163	fCotGob3_chr13	10016311	fCotGob3_EOG090B0163
chr11	118544916	EOG090B09O9	fCotGob3_chr18	14735364	fCotGob3_EOG090B09O9
chr11	118998198	EOG090B09MT	fCotGob3_chr9	18554005	fCotGob3_EOG090B09MT
chr11	119069198	EOG090B01FZ	fCotGob3_chr14	812093	fCotGob3_EOG090B01FZ
chr11	119085034	EOG090B0AGU	fCotGob3_chr13	24370361	fCotGob3_EOG090B0AGU
chr11	119096998	EOG090B07TV	fCotGob3_chr14	9347561	fCotGob3_EOG090B07TV
chr11	119116820	EOG090B05JI	fCotGob3_chr14	9342220	fCotGob3_EOG090B05JI
chr11	119170303	EOG090B021C	fCotGob3_chr13	25362676	fCotGob3_EOG090B021C
chr11	120211280	EOG090B0BV7	fCotGob3_chr13	10510420	fCotGob3_EOG090B0BV7
chr11	123634143	EOG090B0FFQ	fCotGob3_chr13	10634691	fCotGob3_EOG090B0FFQ
chr11	124611557	EOG090B07BO	fCotGob3_chr14	1793884	fCotGob3_EOG090B07BO
chr11	125588020	EOG090B02LJ	fCotGob3_chr14	4297346	fCotGob3_EOG090B02LJ
chr11	126203418	EOG090B0887	fCotGob3_chr5	16928762	fCotGob3_EOG090B0887
chr11	129864725	EOG090B01C3	fCotGob3_chr14	8815956	fCotGob3_EOG090B01C3
chr11	129902313	EOG090B017H	fCotGob3_chr13	18892762	fCotGob3_EOG090B017H
chr11	289817	EOG090B02MX	fGouWil2_chr6	60073775	fGouWil2_EOG090B02MX
chr11	568722	EOG090B00QA	fGouWil2_chr6	47767039	fGouWil2_EOG090B00QA
chr11	770989	EOG090B0D80	fGouWil2_chr6	60610655	fGouWil2_EOG090B0D80
chr11	1277039	EOG090B0DBB	fGouWil2_chr3	6808806	fGouWil2_EOG090B0DBB
chr11	10514916	EOG090B0C80	fGouWil2_chr6	71873685	fGouWil2_EOG090B0C80
chr11	10576332	EOG090B0328	fGouWil2_chr3	28287436	fGouWil2_EOG090B0328
chr11	10751413	EOG090B01NR	fGouWil2_chr3	28319973	fGouWil2_EOG090B01NR
chr11	14457824	EOG090B01K3	fGouWil2_chr3	27482987	fGouWil2_EOG090B01K3
chr11	18080399	EOG090B0IDD	fGouWil2_chr6	59727825	fGouWil2_EOG090B0IDD
chr11	18279882	EOG090B0126	fGouWil2_chr6	59968788	fGouWil2_EOG090B0126
chr11	18329081	EOG090B04Z5	fGouWil2_chr6	59968788	fGouWil2_EOG090B04Z5
chr11	18609861	EOG090B0AJ4	fGouWil2_chr6	48642090	fGouWil2_EOG090B0AJ4
chr11	20363812	EOG090B0C5X	fGouWil2_chr3	40769393	fGouWil2_EOG090B0C5X
chr11	20388040	EOG090B05NP	fGouWil2_chr3	40774678	fGouWil2_EOG090B05NP
chr11	27364159	EOG090B01PI	fGouWil2_chr3	25853922	fGouWil2_EOG090B01PI
chr11	28274425	EOG090B09G3	fGouWil2_chr3	25709832	fGouWil2_EOG090B09G3
chr11	31584590	EOG090B07JS	fGouWil2_chr3	23913832	fGouWil2_EOG090B07JS
chr11	33859356	EOG090B0EA1	fGouWil2_chr6	34480480	fGouWil2_EOG090B0EA1
chr11	34930071	EOG090B06DM	fGouWil2_chr6	47140685	fGouWil2_EOG090B06DM
chr11	36489838	EOG090B04ZH	fGouWil2_chr3	42779317	fGouWil2_EOG090B04ZH
chr11	36560475	EOG090B015R	fGouWil2_chr6	46116882	fGouWil2_EOG090B015R
chr11	36579420	EOG090B053T	fGouWil2_chr6	46141467	fGouWil2_EOG090B053T
chr11	43312128	EOG090B051I	fGouWil2_chr6	67680047	fGouWil2_EOG090B051I
chr11	43359923	EOG090B00GK	fGouWil2_chr3	42733823	fGouWil2_EOG090B00GK
chr11	43882653	EOG090B0ALW	fGouWil2_chr6	67578199	fGouWil2_EOG090B0ALW
chr11	46644292	EOG090B05JW	fGouWil2_chr2	7121806	fGouWil2_EOG090B05JW
chr11	47330865	EOG090B00YR	fGouWil2_chr8	31222496	fGouWil2_EOG090B00YR
chr11	47355227	EOG090B0BOF	fGouWil2_chr3	25944475	fGouWil2_EOG090B0BOF
chr11	47410125	EOG090B07EJ	fGouWil2_chr3	25973857	fGouWil2_EOG090B07EJ
chr11	47437975	EOG090B079L	fGouWil2_chr6	60657489	fGouWil2_EOG090B079L
chr11	47572930	EOG090B0417	fGouWil2_chr6	60670835	fGouWil2_EOG090B0417
chr11	63614001	EOG090B0EUF	fGouWil2_chr3	23890276	fGouWil2_EOG090B0EUF
chr11	71435375	EOG090B05DD	fGouWil2_chr3	3990618	fGouWil2_EOG090B05DD
chr11	71453297	EOG090B02OO	fGouWil2_chr3	3409354	fGouWil2_EOG090B02OO
chr11	74267248	EOG090B06MX	fGouWil2_chr13	10274991	fGouWil2_EOG090B06MX
chr11	76795617	EOG090B08EH	fGouWil2_chr13	26904776	fGouWil2_EOG090B08EH
chr11	82824906	EOG090B06FK	fGouWil2_chr13	4381575	fGouWil2_EOG090B06FK
chr11	82914739	EOG090B0382	fGouWil2_chr3	21094570	fGouWil2_EOG090B0382
chr11	93747394	EOG090B0905	fGouWil2_chr14	22567218	fGouWil2_EOG090B0905
chr11	93784514	EOG090B0387	fGouWil2_chr13	1401876	fGouWil2_EOG090B0387
chr11	93820569	EOG090B0EQQ	fGouWil2_chr13	1393030	fGouWil2_EOG090B0EQQ
chr11	94439717	EOG090B030Q	fGouWil2_chr13	16572521	fGouWil2_EOG090B030Q
chr11	106009535	EOG090B0B4E	fGouWil2_chr13	20436380	fGouWil2_EOG090B0B4E
chr11	107504658	EOG090B031P	fGouWil2_chr13	20294139	fGouWil2_EOG090B031P
chr11	112075575	EOG090B0FQM	fGouWil2_chr13	12327952	fGouWil2_EOG090B0FQM
chr11	116748482	EOG090B06XY	fGouWil2_chr14	5393149	fGouWil2_EOG090B06XY
chr11	116778925	EOG090B06VT	fGouWil2_chr5	5521697	fGouWil2_EOG090B06VT
chr11	118365081	EOG090B0163	fGouWil2_chr13	18267630	fGouWil2_EOG090B0163
chr11	118544916	EOG090B09O9	fGouWil2_scaffold_51_arrow_ctg1	73186	fGouWil2_EOG090B09O9
chr11	118998198	EOG090B09MT	fGouWil2_chr9	7657705	fGouWil2_EOG090B09MT
chr11	119069198	EOG090B01FZ	fGouWil2_chr14	33537481	fGouWil2_EOG090B01FZ
chr11	119085034	EOG090B0AGU	fGouWil2_scaffold_151_arrow_ctg1	29765	fGouWil2_EOG090B0AGU
chr11	119096998	EOG090B07TV	fGouWil2_chr14	2439597	fGouWil2_EOG090B07TV
chr11	119116820	EOG090B05JI	fGouWil2_chr14	2446338	fGouWil2_EOG090B05JI
chr11	119170303	EOG090B021C	fGouWil2_chr13	32691957	fGouWil2_EOG090B021C
chr11	120211280	EOG090B0BV7	fGouWil2_chr13	17497748	fGouWil2_EOG090B0BV7
chr11	123634143	EOG090B0FFQ	fGouWil2_chr13	17323214	fGouWil2_EOG090B0FFQ
chr11	124611557	EOG090B07BO	fGouWil2_chr14	35551958	fGouWil2_EOG090B07BO
chr11	125588020	EOG090B02LJ	fGouWil2_chr14	27422581	fGouWil2_EOG090B02LJ
chr11	126203418	EOG090B0887	fGouWil2_chr5	18240616	fGouWil2_EOG090B0887
chr11	129864725	EOG090B01C3	fGouWil2_chr14	4382772	fGouWil2_EOG090B01C3
chr11	129902313	EOG090B017H	fGouWil2_chr13	6721960	fGouWil2_EOG090B017H
chr11	289817	EOG090B02MX	fMasArm1_chr6	9003380	fMasArm1_EOG090B02MX
chr11	568722	EOG090B00QA	fMasArm1_chr6	21283053	fMasArm1_EOG090B00QA
chr11	770989	EOG090B0D80	fMasArm1_chr6	9223439	fMasArm1_EOG090B0D80
chr11	1277039	EOG090B0DBB	fMasArm1_chr3	26697787	fMasArm1_EOG090B0DBB
chr11	10514916	EOG090B0C80	fMasArm1_chr6	3305235	fMasArm1_EOG090B0C80
chr11	10576332	EOG090B0328	fMasArm1_chr3	10395662	fMasArm1_EOG090B0328
chr11	10751413	EOG090B01NR	fMasArm1_chr3	10426541	fMasArm1_EOG090B01NR
chr11	14457824	EOG090B01K3	fMasArm1_chr3	9843337	fMasArm1_EOG090B01K3
chr11	18080399	EOG090B0IDD	fMasArm1_chr6	8883864	fMasArm1_EOG090B0IDD
chr11	18279882	EOG090B0126	fMasArm1_chr6	8971768	fMasArm1_EOG090B0126
chr11	18329081	EOG090B04Z5	fMasArm1_chr6	8962859	fMasArm1_EOG090B04Z5
chr11	18609861	EOG090B0AJ4	fMasArm1_chr6	20807896	fMasArm1_EOG090B0AJ4
chr11	20363812	EOG090B0C5X	fMasArm1_chr3	1210730	fMasArm1_EOG090B0C5X
chr11	20388040	EOG090B05NP	fMasArm1_chr3	1216768	fMasArm1_EOG090B05NP
chr11	27364159	EOG090B01PI	fMasArm1_chr3	8713346	fMasArm1_EOG090B01PI
chr11	28274425	EOG090B09G3	fMasArm1_chr3	8641148	fMasArm1_EOG090B09G3
chr11	31584590	EOG090B07JS	fMasArm1_chr3	14218601	fMasArm1_EOG090B07JS
chr11	33859356	EOG090B0EA1	fMasArm1_chr6	8205834	fMasArm1_EOG090B0EA1
chr11	34930071	EOG090B06DM	fMasArm1_chr6	21601658	fMasArm1_EOG090B06DM
chr11	36489838	EOG090B04ZH	fMasArm1_chr3	2260926	fMasArm1_EOG090B04ZH
chr11	36560475	EOG090B015R	fMasArm1_chr6	22190860	fMasArm1_EOG090B015R
chr11	36579420	EOG090B053T	fMasArm1_chr6	22186400	fMasArm1_EOG090B053T
chr11	43312128	EOG090B051I	fMasArm1_chr6	3884950	fMasArm1_EOG090B051I
chr11	43359923	EOG090B00GK	fMasArm1_chr3	2245461	fMasArm1_EOG090B00GK
chr11	43882653	EOG090B0ALW	fMasArm1_chr6	3964653	fMasArm1_EOG090B0ALW
chr11	46644292	EOG090B05JW	fMasArm1_chr2	6001532	fMasArm1_EOG090B05JW
chr11	47330865	EOG090B00YR	fMasArm1_chr23	11822094	fMasArm1_EOG090B00YR
chr11	47355227	EOG090B0BOF	fMasArm1_chr3	8765183	fMasArm1_EOG090B0BOF
chr11	47410125	EOG090B07EJ	fMasArm1_chr3	8779614	fMasArm1_EOG090B07EJ
chr11	47437975	EOG090B079L	fMasArm1_chr6	9241627	fMasArm1_EOG090B079L
chr11	47572930	EOG090B0417	fMasArm1_chr6	9236892	fMasArm1_EOG090B0417
chr11	63614001	EOG090B0EUF	fMasArm1_chr3	14248756	fMasArm1_EOG090B0EUF
chr11	71435375	EOG090B05DD	fMasArm1_chr3	25249477	fMasArm1_EOG090B05DD
chr11	71453297	EOG090B02OO	fMasArm1_chr3	28059281	fMasArm1_EOG090B02OO
chr11	74267248	EOG090B06MX	fMasArm1_chr13	19217278	fMasArm1_EOG090B06MX
chr11	76795617	EOG090B08EH	fMasArm1_chr13	2713142	fMasArm1_EOG090B08EH
chr11	82824906	EOG090B06FK	fMasArm1_chr13	21466031	fMasArm1_EOG090B06FK
chr11	82914739	EOG090B0382	fMasArm1_Contig61arrow_3_ctg1	859619	fMasArm1_EOG090B0382
chr11	93747394	EOG090B0905	fMasArm1_chr14	7317328	fMasArm1_EOG090B0905
chr11	93784514	EOG090B0387	fMasArm1_chr13	24191325	fMasArm1_EOG090B0387
chr11	93820569	EOG090B0EQQ	fMasArm1_chr13	24197752	fMasArm1_EOG090B0EQQ
chr11	94439717	EOG090B030Q	fMasArm1_chr13	9703949	fMasArm1_EOG090B030Q
chr11	106009535	EOG090B0B4E	fMasArm1_chr13	7026200	fMasArm1_EOG090B0B4E
chr11	107504658	EOG090B031P	fMasArm1_chr13	7110960	fMasArm1_EOG090B031P
chr11	112075575	EOG090B0FQM	fMasArm1_chr13	13242117	fMasArm1_EOG090B0FQM
chr11	116748482	EOG090B06XY	fMasArm1_chr14	12197619	fMasArm1_EOG090B06XY
chr11	116778925	EOG090B06VT	fMasArm1_chr5	5038035	fMasArm1_EOG090B06VT
chr11	118365081	EOG090B0163	fMasArm1_chr13	8619686	fMasArm1_EOG090B0163
chr11	118544916	EOG090B09O9	fMasArm1_chr18	18880732	fMasArm1_EOG090B09O9
chr11	118998198	EOG090B09MT	fMasArm1_chr9	20849509	fMasArm1_EOG090B09MT
chr11	119069198	EOG090B01FZ	fMasArm1_chr14	3422360	fMasArm1_EOG090B01FZ
chr11	119085034	EOG090B0AGU	fMasArm1_chr13	14450809	fMasArm1_EOG090B0AGU
chr11	119096998	EOG090B07TV	fMasArm1_chr14	10667868	fMasArm1_EOG090B07TV
chr11	119116820	EOG090B05JI	fMasArm1_chr14	10673404	fMasArm1_EOG090B05JI
chr11	119170303	EOG090B021C	fMasArm1_chr13	15335146	fMasArm1_EOG090B021C
chr11	120211280	EOG090B0BV7	fMasArm1_chr13	9114140	fMasArm1_EOG090B0BV7
chr11	123634143	EOG090B0FFQ	fMasArm1_chr13	9224448	fMasArm1_EOG090B0FFQ
chr11	124611557	EOG090B07BO	fMasArm1_chr14	2183851	fMasArm1_EOG090B07BO
chr11	125588020	EOG090B02LJ	fMasArm1_chr14	5039629	fMasArm1_EOG090B02LJ
chr11	126203418	EOG090B0887	fMasArm1_chr5	28526633	fMasArm1_EOG090B0887
chr11	129864725	EOG090B01C3	fMasArm1_chr14	11661808	fMasArm1_EOG090B01C3
chr11	129902313	EOG090B017H	fMasArm1_chr13	22540122	fMasArm1_EOG090B017H
chr11	289817	EOG090B02MX	mLynCan4_chrD1	115030250	mLynCan4_EOG090B02MX
chr11	568722	EOG090B00QA	mLynCan4_chrD1	115317758	mLynCan4_EOG090B00QA
chr11	770989	EOG090B0D80	mLynCan4_chrD1	115451260	mLynCan4_EOG090B0D80
chr11	1277039	EOG090B0DBB	mLynCan4_chrD1	114764179	mLynCan4_EOG090B0DBB
chr11	10514916	EOG090B0C80	mLynCan4_chrD1	67219104	mLynCan4_EOG090B0C80
chr11	10576332	EOG090B0328	mLynCan4_chrD1	67290931	mLynCan4_EOG090B0328
chr11	10751413	EOG090B01NR	mLynCan4_chrD1	67455255	mLynCan4_EOG090B01NR
chr11	14457824	EOG090B01K3	mLynCan4_chrD1	70831910	mLynCan4_EOG090B01K3
chr11	18080399	EOG090B0IDD	mLynCan4_chrD1	74336952	mLynCan4_EOG090B0IDD
chr11	18279882	EOG090B0126	mLynCan4_chrD1	74430679	mLynCan4_EOG090B0126
chr11	18329081	EOG090B04Z5	mLynCan4_chrD1	74469764	mLynCan4_EOG090B04Z5
chr11	18609861	EOG090B0AJ4	mLynCan4_chrD1	74719166	mLynCan4_EOG090B0AJ4
chr11	20363812	EOG090B0C5X	mLynCan4_chrD1	76097129	mLynCan4_EOG090B0C5X
chr11	20388040	EOG090B05NP	mLynCan4_chrC1	90836191	mLynCan4_EOG090B05NP
chr11	27364159	EOG090B01PI	mLynCan4_chrD1	82247510	mLynCan4_EOG090B01PI
chr11	28274425	EOG090B09G3	mLynCan4_chrD1	83049571	mLynCan4_EOG090B09G3
chr11	31584590	EOG090B07JS	mLynCan4_chrD1	86030993	mLynCan4_EOG090B07JS
chr11	33859356	EOG090B0EA1	mLynCan4_chrD1	88135618	mLynCan4_EOG090B0EA1
chr11	34930071	EOG090B06DM	mLynCan4_chrD1	89026291	mLynCan4_EOG090B06DM
chr11	36489838	EOG090B04ZH	mLynCan4_chrD1	90321457	mLynCan4_EOG090B04ZH
chr11	36560475	EOG090B015R	mLynCan4_chrD1	90360745	mLynCan4_EOG090B015R
chr11	36579420	EOG090B053T	mLynCan4_chrD1	90382126	mLynCan4_EOG090B053T
chr11	43312128	EOG090B051I	mLynCan4_chrD1	96108566	mLynCan4_EOG090B051I
chr11	43359923	EOG090B00GK	mLynCan4_chrD1	96168429	mLynCan4_EOG090B00GK
chr11	43882653	EOG090B0ALW	mLynCan4_chrD1	96613784	mLynCan4_EOG090B0ALW
chr11	46644292	EOG090B05JW	mLynCan4_chrD1	99051592	mLynCan4_EOG090B05JW
chr11	47330865	EOG090B00YR	mLynCan4_chrB4	121503700	mLynCan4_EOG090B00YR
chr11	47355227	EOG090B0BOF	mLynCan4_chrD1	99671701	mLynCan4_EOG090B0BOF
chr11	47410125	EOG090B07EJ	mLynCan4_chrD1	99710999	mLynCan4_EOG090B07EJ
chr11	47437975	EOG090B079L	mLynCan4_chrD1	99727553	mLynCan4_EOG090B079L
chr11	47572930	EOG090B0417	mLynCan4_chrD1	99851643	mLynCan4_EOG090B0417
chr11	63614001	EOG090B0EUF	mLynCan4_chrD1	85947125	mLynCan4_EOG090B0EUF
chr11	71435375	EOG090B05DD	mLynCan4_chrD1	113262648	mLynCan4_EOG090B05DD
chr11	71453297	EOG090B02OO	mLynCan4_chrD1	113282790	mLynCan4_EOG090B02OO
chr11	74267248	EOG090B06MX	mLynCan4_chrD1	57769651	mLynCan4_EOG090B06MX
chr11	76795617	EOG090B08EH	mLynCan4_chrD1	55647364	mLynCan4_EOG090B08EH
chr11	82824906	EOG090B06FK	mLynCan4_chrD1	49706075	mLynCan4_EOG090B06FK
chr11	82914739	EOG090B0382	mLynCan4_chrD1	49657454	mLynCan4_EOG090B0382
chr11	93747394	EOG090B0905	mLynCan4_chrD1	39878330	mLynCan4_EOG090B0905
chr11	93784514	EOG090B0387	mLynCan4_chrD1	39848690	mLynCan4_EOG090B0387
chr11	93820569	EOG090B0EQQ	mLynCan4_chrD1	39834155	mLynCan4_EOG090B0EQQ
chr11	94439717	EOG090B030Q	mLynCan4_chrD1	39298406	mLynCan4_EOG090B030Q
chr11	106009535	EOG090B0B4E	mLynCan4_chrD1	4002648	mLynCan4_EOG090B0B4E
chr11	107504658	EOG090B031P	mLynCan4_chrD1	6099872	mLynCan4_EOG090B031P
chr11	112075575	EOG090B0FQM	mLynCan4_chrD1	10020674	mLynCan4_EOG090B0FQM
chr11	116748482	EOG090B06XY	mLynCan4_chrD1	14469333	mLynCan4_EOG090B06XY
chr11	116778925	EOG090B06VT	mLynCan4_chrD1	14497797	mLynCan4_EOG090B06VT
chr11	118365081	EOG090B0163	mLynCan4_chrD1	15912824	mLynCan4_EOG090B0163
chr11	118544916	EOG090B09O9	mLynCan4_chrD1	16081396	mLynCan4_EOG090B09O9
chr11	118998198	EOG090B09MT	mLynCan4_chrD1	16420347	mLynCan4_EOG090B09MT
chr11	119069198	EOG090B01FZ	mLynCan4_chrD1	16474550	mLynCan4_EOG090B01FZ
chr11	119085034	EOG090B0AGU	mLynCan4_chrD1	16489708	mLynCan4_EOG090B0AGU
chr11	119096998	EOG090B07TV	mLynCan4_chrD1	16497186	mLynCan4_EOG090B07TV
chr11	119116820	EOG090B05JI	mLynCan4_chrD1	16524992	mLynCan4_EOG090B05JI
chr11	119170303	EOG090B021C	mLynCan4_chrD1	16545701	mLynCan4_EOG090B021C
chr11	120211280	EOG090B0BV7	mLynCan4_chrD1	17481163	mLynCan4_EOG090B0BV7
chr11	123634143	EOG090B0FFQ	mLynCan4_chrD1	20614633	mLynCan4_EOG090B0FFQ
chr11	124611557	EOG090B07BO	mLynCan4_chrD1	21645058	mLynCan4_EOG090B07BO
chr11	125588020	EOG090B02LJ	mLynCan4_chrD1	22511545	mLynCan4_EOG090B02LJ
chr11	126203418	EOG090B0887	mLynCan4_chrD1	23135857	mLynCan4_EOG090B0887
chr11	129864725	EOG090B01C3	mLynCan4_chrD1	26571428	mLynCan4_EOG090B01C3
chr11	129902313	EOG090B017H	mLynCan4_chrD1	26613837	mLynCan4_EOG090B017H
chr11	289817	EOG090B02MX	mOrnAna1_chr3	4732318	mOrnAna1_EOG090B02MX
chr11	568722	EOG090B00QA	mOrnAna1_chr3	4038821	mOrnAna1_EOG090B00QA
chr11	770989	EOG090B0D80	mOrnAna1_chr3	3649767	mOrnAna1_EOG090B0D80
chr11	1277039	EOG090B0DBB	mOrnAna1_chr3	2637877	mOrnAna1_EOG090B0DBB
chr11	10514916	EOG090B0C80	mOrnAna1_chr3	14431181	mOrnAna1_EOG090B0C80
chr11	10576332	EOG090B0328	mOrnAna1_chr3	14506750	mOrnAna1_EOG090B0328
chr11	10751413	EOG090B01NR	mOrnAna1_chr3	48415068	mOrnAna1_EOG090B01NR
chr11	14457824	EOG090B01K3	mOrnAna1_chr3	11423330	mOrnAna1_EOG090B01K3
chr11	18080399	EOG090B0IDD	mOrnAna1_chr3	8104340	mOrnAna1_EOG090B0IDD
chr11	18279882	EOG090B0126	mOrnAna1_chr3	8038105	mOrnAna1_EOG090B0126
chr11	18329081	EOG090B04Z5	mOrnAna1_chr3	8010314	mOrnAna1_EOG090B04Z5
chr11	18609861	EOG090B0AJ4	mOrnAna1_chr3	7790064	mOrnAna1_EOG090B0AJ4
chr11	20363812	EOG090B0C5X	mOrnAna1_chr3	34792512	mOrnAna1_EOG090B0C5X
chr11	20388040	EOG090B05NP	mOrnAna1_chr3	34822759	mOrnAna1_EOG090B05NP
chr11	27364159	EOG090B01PI	mOrnAna1_chr3	38243085	mOrnAna1_EOG090B01PI
chr11	28274425	EOG090B09G3	mOrnAna1_chr3	38968678	mOrnAna1_EOG090B09G3
chr11	31584590	EOG090B07JS	mOrnAna1_chr3	43531392	mOrnAna1_EOG090B07JS
chr11	33859356	EOG090B0EA1	mOrnAna1_chr3	31011999	mOrnAna1_EOG090B0EA1
chr11	34930071	EOG090B06DM	mOrnAna1_chr3	30148228	mOrnAna1_EOG090B06DM
chr11	36489838	EOG090B04ZH	mOrnAna1_chr3	29074945	mOrnAna1_EOG090B04ZH
chr11	36560475	EOG090B015R	mOrnAna1_chr3	29041842	mOrnAna1_EOG090B015R
chr11	36579420	EOG090B053T	mOrnAna1_chr3	29028139	mOrnAna1_EOG090B053T
chr11	43312128	EOG090B051I	mOrnAna1_chr3	24993010	mOrnAna1_EOG090B051I
chr11	43359923	EOG090B00GK	mOrnAna1_chr3	24911147	mOrnAna1_EOG090B00GK
chr11	43882653	EOG090B0ALW	mOrnAna1_chr3	24582561	mOrnAna1_EOG090B0ALW
chr11	46644292	EOG090B05JW	mOrnAna1_chr3	21907218	mOrnAna1_EOG090B05JW
chr11	47330865	EOG090B00YR	mOrnAna1_chr14	38272302	mOrnAna1_EOG090B00YR
chr11	47355227	EOG090B0BOF	mOrnAna1_chr3	21318842	mOrnAna1_EOG090B0BOF
chr11	47410125	EOG090B07EJ	mOrnAna1_chr3	21274658	mOrnAna1_EOG090B07EJ
chr11	47437975	EOG090B079L	mOrnAna1_chr3	21249369	mOrnAna1_EOG090B079L
chr11	47572930	EOG090B0417	mOrnAna1_chr3	21150364	mOrnAna1_EOG090B0417
chr11	63614001	EOG090B0EUF	mOrnAna1_chr3	43699461	mOrnAna1_EOG090B0EUF
chr11	71435375	EOG090B05DD	mOrnAna1_chr3	33710479	mOrnAna1_EOG090B05DD
chr11	71453297	EOG090B02OO	mOrnAna1_chr3	33683948	mOrnAna1_EOG090B02OO
chr11	74267248	EOG090B06MX	mOrnAna1_chrX1	41327331	mOrnAna1_EOG090B06MX
chr11	76795617	EOG090B08EH	mOrnAna1_chr20	29756475	mOrnAna1_EOG090B08EH
chr11	82824906	EOG090B06FK	mOrnAna1_chr20	28814510	mOrnAna1_EOG090B06FK
chr11	82914739	EOG090B0382	mOrnAna1_chr20	28784876	mOrnAna1_EOG090B0382
chr11	93747394	EOG090B0905	mOrnAna1_chr20	25260306	mOrnAna1_EOG090B0905
chr11	93784514	EOG090B0387	mOrnAna1_chr20	25244580	mOrnAna1_EOG090B0387
chr11	93820569	EOG090B0EQQ	mOrnAna1_chr20	25227075	mOrnAna1_EOG090B0EQQ
chr11	94439717	EOG090B030Q	mOrnAna1_chr20	24994918	mOrnAna1_EOG090B030Q
chr11	106009535	EOG090B0B4E	mOrnAna1_chr20	19841866	mOrnAna1_EOG090B0B4E
chr11	107504658	EOG090B031P	mOrnAna1_chr20	19270743	mOrnAna1_EOG090B031P
chr11	112075575	EOG090B0FQM	mOrnAna1_chr11	56969874	mOrnAna1_EOG090B0FQM
chr11	116748482	EOG090B06XY	mOrnAna1_chr11	55075536	mOrnAna1_EOG090B06XY
chr11	116778925	EOG090B06VT	mOrnAna1_chr11	55062144	mOrnAna1_EOG090B06VT
chr11	118365081	EOG090B0163	mOrnAna1_chr11	54174161	mOrnAna1_EOG090B0163
chr11	118544916	EOG090B09O9	mOrnAna1_chr11	54043784	mOrnAna1_EOG090B09O9
chr11	118998198	EOG090B09MT	mOrnAna1_chr11	53802897	mOrnAna1_EOG090B09MT
chr11	119069198	EOG090B01FZ	mOrnAna1_chr11	53742473	mOrnAna1_EOG090B01FZ
chr11	119085034	EOG090B0AGU	mOrnAna1_chr11	53734512	mOrnAna1_EOG090B0AGU
chr11	119096998	EOG090B07TV	mOrnAna1_chr11	53721118	mOrnAna1_EOG090B07TV
chr11	119116820	EOG090B05JI	mOrnAna1_chr11	53689081	mOrnAna1_EOG090B05JI
chr11	119170303	EOG090B021C	mOrnAna1_chr11	53659053	mOrnAna1_EOG090B021C
chr11	120211280	EOG090B0BV7	mOrnAna1_chr11	53070185	mOrnAna1_EOG090B0BV7
chr11	123634143	EOG090B0FFQ	mOrnAna1_chr11	17077621	mOrnAna1_EOG090B0FFQ
chr11	124611557	EOG090B07BO	mOrnAna1_chr11	3219229	mOrnAna1_EOG090B07BO
chr11	125588020	EOG090B02LJ	mOrnAna1_chr11	2774581	mOrnAna1_EOG090B02LJ
chr11	126203418	EOG090B0887	mOrnAna1_chr11	2447003	mOrnAna1_EOG090B0887
chr11	129864725	EOG090B01C3	mOrnAna1_chr11	9791982	mOrnAna1_EOG090B01C3
chr11	129902313	EOG090B017H	mOrnAna1_chr11	9708353	mOrnAna1_EOG090B017H
chr11	289817	EOG090B02MX	mPhyDis1_chr6	171600871	mPhyDis1_EOG090B02MX
chr11	568722	EOG090B00QA	mPhyDis1_chr6	171259228	mPhyDis1_EOG090B00QA
chr11	770989	EOG090B0D80	mPhyDis1_chr6	171176554	mPhyDis1_EOG090B0D80
chr11	1277039	EOG090B0DBB	mPhyDis1_chr6	170837899	mPhyDis1_EOG090B0DBB
chr11	10514916	EOG090B0C80	mPhyDis1_chr6	129314932	mPhyDis1_EOG090B0C80
chr11	10576332	EOG090B0328	mPhyDis1_chr6	129382354	mPhyDis1_EOG090B0328
chr11	10751413	EOG090B01NR	mPhyDis1_chr6	129539372	mPhyDis1_EOG090B01NR
chr11	14457824	EOG090B01K3	mPhyDis1_chr6	132648522	mPhyDis1_EOG090B01K3
chr11	18080399	EOG090B0IDD	mPhyDis1_chr6	135758987	mPhyDis1_EOG090B0IDD
chr11	18279882	EOG090B0126	mPhyDis1_chr6	135870968	mPhyDis1_EOG090B0126
chr11	18329081	EOG090B04Z5	mPhyDis1_chr6	135916347	mPhyDis1_EOG090B04Z5
chr11	18609861	EOG090B0AJ4	mPhyDis1_chr6	136132626	mPhyDis1_EOG090B0AJ4
chr11	20363812	EOG090B0C5X	mPhyDis1_chr6	137425748	mPhyDis1_EOG090B0C5X
chr11	20388040	EOG090B05NP	mPhyDis1_chr6	137444639	mPhyDis1_EOG090B05NP
chr11	27364159	EOG090B01PI	mPhyDis1_chr6	141646305	mPhyDis1_EOG090B01PI
chr11	28274425	EOG090B09G3	mPhyDis1_chr6	142322054	mPhyDis1_EOG090B09G3
chr11	31584590	EOG090B07JS	mPhyDis1_chr6	144844539	mPhyDis1_EOG090B07JS
chr11	33859356	EOG090B0EA1	mPhyDis1_chr6	146653108	mPhyDis1_EOG090B0EA1
chr11	34930071	EOG090B06DM	mPhyDis1_chr6	147473157	mPhyDis1_EOG090B06DM
chr11	36489838	EOG090B04ZH	mPhyDis1_chr6	148724383	mPhyDis1_EOG090B04ZH
chr11	36560475	EOG090B015R	mPhyDis1_chr6	148757961	mPhyDis1_EOG090B015R
chr11	36579420	EOG090B053T	mPhyDis1_chr6	148780151	mPhyDis1_EOG090B053T
chr11	43312128	EOG090B051I	mPhyDis1_chr6	153139392	mPhyDis1_EOG090B051I
chr11	43359923	EOG090B00GK	mPhyDis1_chr6	153171228	mPhyDis1_EOG090B00GK
chr11	43882653	EOG090B0ALW	mPhyDis1_chr6	153587400	mPhyDis1_EOG090B0ALW
chr11	46644292	EOG090B05JW	mPhyDis1_chr6	155818920	mPhyDis1_EOG090B05JW
chr11	47330865	EOG090B00YR	mPhyDis1_chr2	201399883	mPhyDis1_EOG090B00YR
chr11	47355227	EOG090B0BOF	mPhyDis1_chr6	156338790	mPhyDis1_EOG090B0BOF
chr11	47410125	EOG090B07EJ	mPhyDis1_chr6	156376989	mPhyDis1_EOG090B07EJ
chr11	47437975	EOG090B079L	mPhyDis1_chr6	156396651	mPhyDis1_EOG090B079L
chr11	47572930	EOG090B0417	mPhyDis1_chr6	156501259	mPhyDis1_EOG090B0417
chr11	63614001	EOG090B0EUF	mPhyDis1_chr6	144788680	mPhyDis1_EOG090B0EUF
chr11	71435375	EOG090B05DD	mPhyDis1_chr6	169008486	mPhyDis1_EOG090B05DD
chr11	71453297	EOG090B02OO	mPhyDis1_chr6	169026398	mPhyDis1_EOG090B02OO
chr11	74267248	EOG090B06MX	mPhyDis1_chr6	120304638	mPhyDis1_EOG090B06MX
chr11	76795617	EOG090B08EH	mPhyDis1_chr6	118333666	mPhyDis1_EOG090B08EH
chr11	82824906	EOG090B06FK	mPhyDis1_chr3	214309626	mPhyDis1_EOG090B06FK
chr11	82914739	EOG090B0382	mPhyDis1_chr6	112685354	mPhyDis1_EOG090B0382
chr11	93747394	EOG090B0905	mPhyDis1_chr6	103455374	mPhyDis1_EOG090B0905
chr11	93784514	EOG090B0387	mPhyDis1_chr6	103426488	mPhyDis1_EOG090B0387
chr11	93820569	EOG090B0EQQ	mPhyDis1_chr6	103396505	mPhyDis1_EOG090B0EQQ
chr11	94439717	EOG090B030Q	mPhyDis1_chr6	95327910	mPhyDis1_EOG090B030Q
chr11	106009535	EOG090B0B4E	mPhyDis1_chr6	92127231	mPhyDis1_EOG090B0B4E
chr11	107504658	EOG090B031P	mPhyDis1_chr6	90599379	mPhyDis1_EOG090B031P
chr11	112075575	EOG090B0FQM	mPhyDis1_chr6	85876752	mPhyDis1_EOG090B0FQM
chr11	116748482	EOG090B06XY	mPhyDis1_chr6	81066428	mPhyDis1_EOG090B06XY
chr11	116778925	EOG090B06VT	mPhyDis1_chr6	81041986	mPhyDis1_EOG090B06VT
chr11	118365081	EOG090B0163	mPhyDis1_chr6	79272184	mPhyDis1_EOG090B0163
chr11	118544916	EOG090B09O9	mPhyDis1_chr6	79071316	mPhyDis1_EOG090B09O9
chr11	118998198	EOG090B09MT	mPhyDis1_chr6	78619780	mPhyDis1_EOG090B09MT
chr11	119069198	EOG090B01FZ	mPhyDis1_chr6	78550614	mPhyDis1_EOG090B01FZ
chr11	119085034	EOG090B0AGU	mPhyDis1_chr6	78541370	mPhyDis1_EOG090B0AGU
chr11	119096998	EOG090B07TV	mPhyDis1_chr6	78533749	mPhyDis1_EOG090B07TV
chr11	119116820	EOG090B05JI	mPhyDis1_chr6	78489436	mPhyDis1_EOG090B05JI
chr11	119170303	EOG090B021C	mPhyDis1_chr6	78435519	mPhyDis1_EOG090B021C
chr11	120211280	EOG090B0BV7	mPhyDis1_chr6	76925605	mPhyDis1_EOG090B0BV7
chr11	123634143	EOG090B0FFQ	mPhyDis1_chr13	72365334	mPhyDis1_EOG090B0FFQ
chr11	124611557	EOG090B07BO	mPhyDis1_chr13	63208720	mPhyDis1_EOG090B07BO
chr11	125588020	EOG090B02LJ	mPhyDis1_chr13	63962972	mPhyDis1_EOG090B02LJ
chr11	126203418	EOG090B0887	mPhyDis1_chr13	64398867	mPhyDis1_EOG090B0887
chr11	129864725	EOG090B01C3	mPhyDis1_chr13	67427205	mPhyDis1_EOG090B01C3
chr11	129902313	EOG090B017H	mPhyDis1_chr13	67464476	mPhyDis1_EOG090B017H
chr11	289817	EOG090B02MX	mRhiFer1_chr11	97734	mRhiFer1_EOG090B02MX
chr11	568722	EOG090B00QA	mRhiFer1_chr11	337282	mRhiFer1_EOG090B00QA
chr11	770989	EOG090B0D80	mRhiFer1_chr11	454694	mRhiFer1_EOG090B0D80
chr11	1277039	EOG090B0DBB	mRhiFer1_chr11	817985	mRhiFer1_EOG090B0DBB
chr11	10514916	EOG090B0C80	mRhiFer1_chr11	42039798	mRhiFer1_EOG090B0C80
chr11	10576332	EOG090B0328	mRhiFer1_chr11	41917544	mRhiFer1_EOG090B0328
chr11	10751413	EOG090B01NR	mRhiFer1_chr11	41806340	mRhiFer1_EOG090B01NR
chr11	14457824	EOG090B01K3	mRhiFer1_chr11	38772636	mRhiFer1_EOG090B01K3
chr11	18080399	EOG090B0IDD	mRhiFer1_chr11	35739431	mRhiFer1_EOG090B0IDD
chr11	18279882	EOG090B0126	mRhiFer1_chr11	35630700	mRhiFer1_EOG090B0126
chr11	18329081	EOG090B04Z5	mRhiFer1_chr11	35573787	mRhiFer1_EOG090B04Z5
chr11	18609861	EOG090B0AJ4	mRhiFer1_chr13	69397239	mRhiFer1_EOG090B0AJ4
chr11	20363812	EOG090B0C5X	mRhiFer1_chr11	34015399	mRhiFer1_EOG090B0C5X
chr11	20388040	EOG090B05NP	mRhiFer1_chr11	33891102	mRhiFer1_EOG090B05NP
chr11	27364159	EOG090B01PI	mRhiFer1_chr11	29047507	mRhiFer1_EOG090B01PI
chr11	28274425	EOG090B09G3	mRhiFer1_chr11	28303297	mRhiFer1_EOG090B09G3
chr11	31584590	EOG090B07JS	mRhiFer1_chr11	25682078	mRhiFer1_EOG090B07JS
chr11	33859356	EOG090B0EA1	mRhiFer1_chr11	23917066	mRhiFer1_EOG090B0EA1
chr11	34930071	EOG090B06DM	mRhiFer1_chr11	23099774	mRhiFer1_EOG090B06DM
chr11	36489838	EOG090B04ZH	mRhiFer1_chr11	21890023	mRhiFer1_EOG090B04ZH
chr11	36560475	EOG090B015R	mRhiFer1_chr11	21856872	mRhiFer1_EOG090B015R
chr11	36579420	EOG090B053T	mRhiFer1_chr11	21841345	mRhiFer1_EOG090B053T
chr11	43312128	EOG090B051I	mRhiFer1_chr11	17023883	mRhiFer1_EOG090B051I
chr11	43359923	EOG090B00GK	mRhiFer1_chr11	16919340	mRhiFer1_EOG090B00GK
chr11	43882653	EOG090B0ALW	mRhiFer1_chr11	16595321	mRhiFer1_EOG090B0ALW
chr11	46644292	EOG090B05JW	mRhiFer1_chr11	14343013	mRhiFer1_EOG090B05JW
chr11	47330865	EOG090B00YR	mRhiFer1_chr10	17565881	mRhiFer1_EOG090B00YR
chr11	47355227	EOG090B0BOF	mRhiFer1_chr11	13838939	mRhiFer1_EOG090B0BOF
chr11	47410125	EOG090B07EJ	mRhiFer1_chr11	13810796	mRhiFer1_EOG090B07EJ
chr11	47437975	EOG090B079L	mRhiFer1_chr11	13785822	mRhiFer1_EOG090B079L
chr11	47572930	EOG090B0417	mRhiFer1_chr11	13690374	mRhiFer1_EOG090B0417
chr11	63614001	EOG090B0EUF	mRhiFer1_chr9	22659718	mRhiFer1_EOG090B0EUF
chr11	71435375	EOG090B05DD	mRhiFer1_chr11	2337336	mRhiFer1_EOG090B05DD
chr11	71453297	EOG090B02OO	mRhiFer1_chr11	2304396	mRhiFer1_EOG090B02OO
chr11	74267248	EOG090B06MX	mRhiFer1_chr11	49273327	mRhiFer1_EOG090B06MX
chr11	76795617	EOG090B08EH	mRhiFer1_chr11	51263114	mRhiFer1_EOG090B08EH
chr11	82824906	EOG090B06FK	mRhiFer1_chr11	56282188	mRhiFer1_EOG090B06FK
chr11	82914739	EOG090B0382	mRhiFer1_chr11	56341399	mRhiFer1_EOG090B0382
chr11	93747394	EOG090B0905	mRhiFer1_chr11	64910151	mRhiFer1_EOG090B0905
chr11	93784514	EOG090B0387	mRhiFer1_chr11	64928280	mRhiFer1_EOG090B0387
chr11	93820569	EOG090B0EQQ	mRhiFer1_chr11	64957891	mRhiFer1_EOG090B0EQQ
chr11	94439717	EOG090B030Q	mRhiFer1_chr11	65312638	mRhiFer1_EOG090B030Q
chr11	106009535	EOG090B0B4E	mRhiFer1_chr11	75043213	mRhiFer1_EOG090B0B4E
chr11	107504658	EOG090B031P	mRhiFer1_chr11	76307864	mRhiFer1_EOG090B031P
chr11	112075575	EOG090B0FQM	mRhiFer1_chr11	80415233	mRhiFer1_EOG090B0FQM
chr11	116748482	EOG090B06XY	mRhiFer1_chr11	86181144	mRhiFer1_EOG090B06XY
chr11	116778925	EOG090B06VT	mRhiFer1_chr11	86207126	mRhiFer1_EOG090B06VT
chr11	118365081	EOG090B0163	mRhiFer1_chr11	87727130	mRhiFer1_EOG090B0163
chr11	118544916	EOG090B09O9	mRhiFer1_chr11	87882123	mRhiFer1_EOG090B09O9
chr11	118998198	EOG090B09MT	mRhiFer1_chr11	88264672	mRhiFer1_EOG090B09MT
chr11	119069198	EOG090B01FZ	mRhiFer1_chr11	88335211	mRhiFer1_EOG090B01FZ
chr11	119085034	EOG090B0AGU	mRhiFer1_chr11	88349878	mRhiFer1_EOG090B0AGU
chr11	119096998	EOG090B07TV	mRhiFer1_chr11	88357289	mRhiFer1_EOG090B07TV
chr11	119116820	EOG090B05JI	mRhiFer1_chr11	88377997	mRhiFer1_EOG090B05JI
chr11	119170303	EOG090B021C	mRhiFer1_chr11	88421299	mRhiFer1_EOG090B021C
chr11	120211280	EOG090B0BV7	mRhiFer1_scaffold_58_arrow_ctg1_1	408555	mRhiFer1_EOG090B0BV7
chr11	123634143	EOG090B0FFQ	mRhiFer1_chr25	36640984	mRhiFer1_EOG090B0FFQ
chr11	124611557	EOG090B07BO	mRhiFer1_chr25	25130910	mRhiFer1_EOG090B07BO
chr11	125588020	EOG090B02LJ	mRhiFer1_chr25	25969643	mRhiFer1_EOG090B02LJ
chr11	126203418	EOG090B0887	mRhiFer1_chr25	26464385	mRhiFer1_EOG090B0887
chr11	129864725	EOG090B01C3	mRhiFer1_chr25	30120203	mRhiFer1_EOG090B01C3
chr11	129902313	EOG090B017H	mRhiFer1_chr25	30157438	mRhiFer1_EOG090B017H
chr11	289817	EOG090B02MX	rGopEvg1_chr4	120853931	rGopEvg1_EOG090B02MX
chr11	568722	EOG090B00QA	rGopEvg1_chr4	116860284	rGopEvg1_EOG090B00QA
chr11	770989	EOG090B0D80	rGopEvg1_chr4	116291660	rGopEvg1_EOG090B0D80
chr11	1277039	EOG090B0DBB	rGopEvg1_chr4	113864745	rGopEvg1_EOG090B0DBB
chr11	10514916	EOG090B0C80	rGopEvg1_chr4	102327368	rGopEvg1_EOG090B0C80
chr11	10576332	EOG090B0328	rGopEvg1_chr4	102225996	rGopEvg1_EOG090B0328
chr11	10751413	EOG090B01NR	rGopEvg1_chr4	102039111	rGopEvg1_EOG090B01NR
chr11	14457824	EOG090B01K3	rGopEvg1_chr4	105626248	rGopEvg1_EOG090B01K3
chr11	18080399	EOG090B0IDD	rGopEvg1_chr4	109426984	rGopEvg1_EOG090B0IDD
chr11	18279882	EOG090B0126	rGopEvg1_chr4	109506058	rGopEvg1_EOG090B0126
chr11	18329081	EOG090B04Z5	rGopEvg1_chr4	109537627	rGopEvg1_EOG090B04Z5
chr11	18609861	EOG090B0AJ4	rGopEvg1_chr4	109741723	rGopEvg1_EOG090B0AJ4
chr11	20363812	EOG090B0C5X	rGopEvg1_chr4	89402887	rGopEvg1_EOG090B0C5X
chr11	20388040	EOG090B05NP	rGopEvg1_chr4	89436494	rGopEvg1_EOG090B05NP
chr11	27364159	EOG090B01PI	rGopEvg1_chr4	92731441	rGopEvg1_EOG090B01PI
chr11	28274425	EOG090B09G3	rGopEvg1_chr4	93545903	rGopEvg1_EOG090B09G3
chr11	31584590	EOG090B07JS	rGopEvg1_chr4	95627412	rGopEvg1_EOG090B07JS
chr11	33859356	EOG090B0EA1	rGopEvg1_chr4	85776690	rGopEvg1_EOG090B0EA1
chr11	34930071	EOG090B06DM	rGopEvg1_chr4	84906493	rGopEvg1_EOG090B06DM
chr11	36489838	EOG090B04ZH	rGopEvg1_chr4	83793359	rGopEvg1_EOG090B04ZH
chr11	36560475	EOG090B015R	rGopEvg1_chr4	83767205	rGopEvg1_EOG090B015R
chr11	36579420	EOG090B053T	rGopEvg1_chr4	83742740	rGopEvg1_EOG090B053T
chr11	43312128	EOG090B051I	rGopEvg1_chr4	79795055	rGopEvg1_EOG090B051I
chr11	43359923	EOG090B00GK	rGopEvg1_chr4	79692890	rGopEvg1_EOG090B00GK
chr11	43882653	EOG090B0ALW	rGopEvg1_chr4	79332534	rGopEvg1_EOG090B0ALW
chr11	46644292	EOG090B05JW	rGopEvg1_chr4	76145857	rGopEvg1_EOG090B05JW
chr11	47330865	EOG090B00YR	rGopEvg1_chr1	261783041	rGopEvg1_EOG090B00YR
chr11	47355227	EOG090B0BOF	rGopEvg1_chr4	75128581	rGopEvg1_EOG090B0BOF
chr11	47410125	EOG090B07EJ	rGopEvg1_chr4	75016075	rGopEvg1_EOG090B07EJ
chr11	47437975	EOG090B079L	rGopEvg1_chr4	74945465	rGopEvg1_EOG090B079L
chr11	47572930	EOG090B0417	rGopEvg1_chr4	74820073	rGopEvg1_EOG090B0417
chr11	63614001	EOG090B0EUF	rGopEvg1_chr4	95478616	rGopEvg1_EOG090B0EUF
chr11	71435375	EOG090B05DD	rGopEvg1_chr4	88297204	rGopEvg1_EOG090B05DD
chr11	71453297	EOG090B02OO	rGopEvg1_chr4	88250113	rGopEvg1_EOG090B02OO
chr11	74267248	EOG090B06MX	rGopEvg1_chr1	6199126	rGopEvg1_EOG090B06MX
chr11	76795617	EOG090B08EH	rGopEvg1_chr1	10369768	rGopEvg1_EOG090B08EH
chr11	82824906	EOG090B06FK	rGopEvg1_chr1	15290831	rGopEvg1_EOG090B06FK
chr11	82914739	EOG090B0382	rGopEvg1_chr1	15369086	rGopEvg1_EOG090B0382
chr11	93747394	EOG090B0905	rGopEvg1_chr1	23313713	rGopEvg1_EOG090B0905
chr11	93784514	EOG090B0387	rGopEvg1_chr1	23340963	rGopEvg1_EOG090B0387
chr11	93820569	EOG090B0EQQ	rGopEvg1_chr1	23371423	rGopEvg1_EOG090B0EQQ
chr11	94439717	EOG090B030Q	rGopEvg1_chr1	23753245	rGopEvg1_EOG090B030Q
chr11	106009535	EOG090B0B4E	rGopEvg1_chr1	31505029	rGopEvg1_EOG090B0B4E
chr11	107504658	EOG090B031P	rGopEvg1_chr1	32699671	rGopEvg1_EOG090B031P
chr11	112075575	EOG090B0FQM	rGopEvg1_chr19	16740106	rGopEvg1_EOG090B0FQM
chr11	116748482	EOG090B06XY	rGopEvg1_chr19	20289536	rGopEvg1_EOG090B06XY
chr11	116778925	EOG090B06VT	rGopEvg1_chr19	20302585	rGopEvg1_EOG090B06VT
chr11	118365081	EOG090B0163	rGopEvg1_chr19	21613803	rGopEvg1_EOG090B0163
chr11	118544916	EOG090B09O9	rGopEvg1_chr19	21762229	rGopEvg1_EOG090B09O9
chr11	118998198	EOG090B09MT	rGopEvg1_chr19	22217517	rGopEvg1_EOG090B09MT
chr11	119069198	EOG090B01FZ	rGopEvg1_chr19	22313440	rGopEvg1_EOG090B01FZ
chr11	119085034	EOG090B0AGU	rGopEvg1_chr19	22358184	rGopEvg1_EOG090B0AGU
chr11	119096998	EOG090B07TV	rGopEvg1_chr19	22397984	rGopEvg1_EOG090B07TV
chr11	119116820	EOG090B05JI	rGopEvg1_chr19	16061962	rGopEvg1_EOG090B05JI
chr11	119170303	EOG090B021C	rGopEvg1_chr19	15992507	rGopEvg1_EOG090B021C
chr11	120211280	EOG090B0BV7	rGopEvg1_chr19	14911847	rGopEvg1_EOG090B0BV7
chr11	123634143	EOG090B0FFQ	rGopEvg1_chr19	12927742	rGopEvg1_EOG090B0FFQ
chr11	124611557	EOG090B07BO	rGopEvg1_chr19	5205251	rGopEvg1_EOG090B07BO
chr11	125588020	EOG090B02LJ	rGopEvg1_chr19	5850429	rGopEvg1_EOG090B02LJ
chr11	126203418	EOG090B0887	rGopEvg1_chr19	5222724	rGopEvg1_EOG090B0887
chr11	129864725	EOG090B01C3	rGopEvg1_chr19	9191902	rGopEvg1_EOG090B01C3
chr11	129902313	EOG090B017H	rGopEvg1_chr19	9125650	rGopEvg1_EOG090B017H
chr11	289817	EOG090B02MX	sAmbRad1_chr20	24951165	sAmbRad1_EOG090B02MX
chr11	568722	EOG090B00QA	sAmbRad1_chr20	613747	sAmbRad1_EOG090B00QA
chr11	770989	EOG090B0D80	sAmbRad1_chr20	22462392	sAmbRad1_EOG090B0D80
chr11	1277039	EOG090B0DBB	sAmbRad1_chr20	19319171	sAmbRad1_EOG090B0DBB
chr11	10514916	EOG090B0C80	sAmbRad1_chr20	13564027	sAmbRad1_EOG090B0C80
chr11	10576332	EOG090B0328	sAmbRad1_chr20	13482316	sAmbRad1_EOG090B0328
chr11	10751413	EOG090B01NR	sAmbRad1_chr20	13348493	sAmbRad1_EOG090B01NR
chr11	14457824	EOG090B01K3	sAmbRad1_chr20	43576604	sAmbRad1_EOG090B01K3
chr11	18080399	EOG090B0IDD	sAmbRad1_chr20	25754854	sAmbRad1_EOG090B0IDD
chr11	18279882	EOG090B0126	sAmbRad1_chr20	25706115	sAmbRad1_EOG090B0126
chr11	18329081	EOG090B04Z5	sAmbRad1_chr20	25668138	sAmbRad1_EOG090B04Z5
chr11	18609861	EOG090B0AJ4	sAmbRad1_chr20	24354274	sAmbRad1_EOG090B0AJ4
chr11	20363812	EOG090B0C5X	sAmbRad1_chr20	4687869	sAmbRad1_EOG090B0C5X
chr11	20388040	EOG090B05NP	sAmbRad1_chr28	17108646	sAmbRad1_EOG090B05NP
chr11	27364159	EOG090B01PI	sAmbRad1_chr20	1272974	sAmbRad1_EOG090B01PI
chr11	28274425	EOG090B09G3	sAmbRad1_chr20	1741403	sAmbRad1_EOG090B09G3
chr11	31584590	EOG090B07JS	sAmbRad1_chr20	9807699	sAmbRad1_EOG090B07JS
chr11	33859356	EOG090B0EA1	sAmbRad1_chr20	18202596	sAmbRad1_EOG090B0EA1
chr11	34930071	EOG090B06DM	sAmbRad1_chr20	35029876	sAmbRad1_EOG090B06DM
chr11	36489838	EOG090B04ZH	sAmbRad1_chr20	33424662	sAmbRad1_EOG090B04ZH
chr11	36560475	EOG090B015R	sAmbRad1_chr20	17679657	sAmbRad1_EOG090B015R
chr11	36579420	EOG090B053T	sAmbRad1_chr20	17668944	sAmbRad1_EOG090B053T
chr11	43312128	EOG090B051I	sAmbRad1_chr20	14119177	sAmbRad1_EOG090B051I
chr11	43359923	EOG090B00GK	sAmbRad1_chr20	14045299	sAmbRad1_EOG090B00GK
chr11	43882653	EOG090B0ALW	sAmbRad1_chr20	13887911	sAmbRad1_EOG090B0ALW
chr11	46644292	EOG090B05JW	sAmbRad1_chr20	31686613	sAmbRad1_EOG090B05JW
chr11	47330865	EOG090B00YR	sAmbRad1_chr19	20664330	sAmbRad1_EOG090B00YR
chr11	47355227	EOG090B0BOF	sAmbRad1_chr20	38081692	sAmbRad1_EOG090B0BOF
chr11	47410125	EOG090B07EJ	sAmbRad1_chr20	37764001	sAmbRad1_EOG090B07EJ
chr11	47437975	EOG090B079L	sAmbRad1_chr20	37176176	sAmbRad1_EOG090B079L
chr11	47572930	EOG090B0417	sAmbRad1_chr20	17743927	sAmbRad1_EOG090B0417
chr11	63614001	EOG090B0EUF	sAmbRad1_chr20	9938165	sAmbRad1_EOG090B0EUF
chr11	71435375	EOG090B05DD	sAmbRad1_chr20	5606281	sAmbRad1_EOG090B05DD
chr11	71453297	EOG090B02OO	sAmbRad1_chr20	5656290	sAmbRad1_EOG090B02OO
chr11	74267248	EOG090B06MX	sAmbRad1_chr6	91211477	sAmbRad1_EOG090B06MX
chr11	76795617	EOG090B08EH	sAmbRad1_chr6	104396604	sAmbRad1_EOG090B08EH
chr11	82824906	EOG090B06FK	sAmbRad1_chr6	35812501	sAmbRad1_EOG090B06FK
chr11	82914739	EOG090B0382	sAmbRad1_chr6	35787779	sAmbRad1_EOG090B0382
chr11	93747394	EOG090B0905	sAmbRad1_chr28	28422180	sAmbRad1_EOG090B0905
chr11	93784514	EOG090B0387	sAmbRad1_chr6	29645847	sAmbRad1_EOG090B0387
chr11	93820569	EOG090B0EQQ	sAmbRad1_chr6	29631382	sAmbRad1_EOG090B0EQQ
chr11	94439717	EOG090B030Q	sAmbRad1_chr6	29082788	sAmbRad1_EOG090B030Q
chr11	106009535	EOG090B0B4E	sAmbRad1_chr6	45771705	sAmbRad1_EOG090B0B4E
chr11	107504658	EOG090B031P	sAmbRad1_chr6	46290870	sAmbRad1_EOG090B031P
chr11	112075575	EOG090B0FQM	sAmbRad1_chr33	9602105	sAmbRad1_EOG090B0FQM
chr11	116748482	EOG090B06XY	sAmbRad1_chr33	12027249	sAmbRad1_EOG090B06XY
chr11	116778925	EOG090B06VT	sAmbRad1_chr33	12008344	sAmbRad1_EOG090B06VT
chr11	118365081	EOG090B0163	sAmbRad1_chr33	1440178	sAmbRad1_EOG090B0163
chr11	118544916	EOG090B09O9	sAmbRad1_chr33	3953791	sAmbRad1_EOG090B09O9
chr11	118998198	EOG090B09MT	sAmbRad1_chr33	5335218	sAmbRad1_EOG090B09MT
chr11	119069198	EOG090B01FZ	sAmbRad1_chr33	3936653	sAmbRad1_EOG090B01FZ
chr11	119085034	EOG090B0AGU	sAmbRad1_chr33	11874593	sAmbRad1_EOG090B0AGU
chr11	119096998	EOG090B07TV	sAmbRad1_chr33	11323263	sAmbRad1_EOG090B07TV
chr11	119116820	EOG090B05JI	sAmbRad1_chr33	11302460	sAmbRad1_EOG090B05JI
chr11	119170303	EOG090B021C	sAmbRad1_chr33	1522903	sAmbRad1_EOG090B021C
chr11	120211280	EOG090B0BV7	sAmbRad1_chr33	12231516	sAmbRad1_EOG090B0BV7
chr11	123634143	EOG090B0FFQ	sAmbRad1_chr33	14126912	sAmbRad1_EOG090B0FFQ
chr11	124611557	EOG090B07BO	sAmbRad1_chr33	27810286	sAmbRad1_EOG090B07BO
chr11	125588020	EOG090B02LJ	sAmbRad1_chr33	21751890	sAmbRad1_EOG090B02LJ
chr11	126203418	EOG090B0887	sAmbRad1_chr43	12606669	sAmbRad1_EOG090B0887
chr11	129864725	EOG090B01C3	sAmbRad1_chr33	28411553	sAmbRad1_EOG090B01C3
chr11	129902313	EOG090B017H	sAmbRad1_chr33	28236787	sAmbRad1_EOG090B017H
